date,day_of_week,day_number,day_type,month,month_name,quarter,is_monsoon,monsoon_intensity,rainfall_mm,rain_ridership_boost,is_festival,festival_name,days_to_festival,festival_boost,is_public_holiday,peak_type,morning_peak_start,morning_peak_end,evening_peak_start,evening_peak_end,total_boost_multiplier
2024-04-01,Monday,0,weekday,4,April,2,0,none,0.0,0.0,0,none,9,0.0,0,sharp_double,8.0,11.0,17,21,1.0
2024-04-02,Tuesday,1,weekday,4,April,2,0,light,11.2,0.065,0,none,8,0.0,0,sharp_double,8.0,11.0,17,21,1.065
2024-04-03,Wednesday,2,weekday,4,April,2,0,none,0.0,0.0,0,none,7,0.0,0,sharp_double,8.0,11.0,17,21,1.0
2024-04-04,Thursday,3,weekday,4,April,2,0,none,0.0,0.0,0,none,6,0.0,0,sharp_double,8.0,11.0,17,21,1.0
2024-04-05,Friday,4,weekday,4,April,2,0,none,0.0,0.0,0,none,5,0.0,0,sharp_double,8.0,11.0,17,21,1.0
2024-04-06,Saturday,5,weekend,4,April,2,0,none,0.0,0.0,0,none,4,0.0,0,broad_single,,,12,21,1.0
2024-04-07,Sunday,6,weekend,4,April,2,0,none,0.0,0.0,0,none,3,0.0,0,broad_single,,,12,21,1.0
2024-04-08,Monday,0,weekday,4,April,2,0,none,0.0,0.0,1,Eid al-Fitr,2,0.18,0,sharp_double,8.0,11.0,17,21,1.18
2024-04-09,Tuesday,1,weekday,4,April,2,0,light,12.7,0.065,1,Eid al-Fitr,1,0.122,0,sharp_double,8.0,11.0,17,21,1.187
2024-04-10,Wednesday,2,weekday,4,April,2,0,none,0.0,0.0,1,Eid al-Fitr,0,0.141,0,sharp_double,8.0,11.0,17,21,1.141
2024-04-11,Thursday,3,weekday,4,April,2,0,none,0.0,0.0,1,Eid al-Fitr,1,0.138,0,sharp_double,8.0,11.0,17,21,1.138
2024-04-12,Friday,4,weekday,4,April,2,0,none,0.0,0.0,1,Eid al-Fitr,2,0.172,0,sharp_double,8.0,11.0,17,21,1.172
2024-04-13,Saturday,5,weekend,4,April,2,0,none,0.0,0.0,0,none,3,0.0,0,broad_single,,,12,21,1.0
2024-04-14,Sunday,6,weekend,4,April,2,0,none,0.0,0.0,0,none,4,0.0,1,broad_single,,,12,21,1.0
2024-04-15,Monday,0,weekday,4,April,2,0,none,0.0,0.0,0,none,5,0.0,0,sharp_double,8.0,11.0,17,21,1.0
2024-04-16,Tuesday,1,weekday,4,April,2,0,none,0.0,0.0,0,none,6,0.0,0,sharp_double,8.0,11.0,17,21,1.0
2024-04-17,Wednesday,2,weekday,4,April,2,0,none,0.0,0.0,0,none,7,0.0,0,sharp_double,8.0,11.0,17,21,1.0
2024-04-18,Thursday,3,weekday,4,April,2,0,none,0.0,0.0,0,none,8,0.0,0,sharp_double,8.0,11.0,17,21,1.0
2024-04-19,Friday,4,weekday,4,April,2,0,none,0.0,0.0,0,none,9,0.0,0,sharp_double,8.0,11.0,17,21,1.0
2024-04-20,Saturday,5,weekend,4,April,2,0,none,0.0,0.0,0,none,10,0.0,0,broad_single,,,12,21,1.0
2024-04-21,Sunday,6,weekend,4,April,2,0,none,0.0,0.0,0,none,11,0.0,0,broad_single,,,12,21,1.0
2024-04-22,Monday,0,weekday,4,April,2,0,none,0.0,0.0,0,none,12,0.0,0,sharp_double,8.0,11.0,17,21,1.0
2024-04-23,Tuesday,1,weekday,4,April,2,0,none,0.0,0.0,0,none,13,0.0,0,sharp_double,8.0,11.0,17,21,1.0
2024-04-24,Wednesday,2,weekday,4,April,2,0,none,0.0,0.0,0,none,14,0.0,0,sharp_double,8.0,11.0,17,21,1.0
2024-04-25,Thursday,3,weekday,4,April,2,0,none,0.0,0.0,0,none,15,0.0,0,sharp_double,8.0,11.0,17,21,1.0
2024-04-26,Friday,4,weekday,4,April,2,0,none,0.0,0.0,0,none,16,0.0,0,sharp_double,8.0,11.0,17,21,1.0
2024-04-27,Saturday,5,weekend,4,April,2,0,light,14.5,0.065,0,none,17,0.0,0,broad_single,,,12,21,1.065
2024-04-28,Sunday,6,weekend,4,April,2,0,none,0.0,0.0,0,none,18,0.0,0,broad_single,,,12,21,1.0
2024-04-29,Monday,0,weekday,4,April,2,0,none,0.0,0.0,0,none,19,0.0,0,sharp_double,8.0,11.0,17,21,1.0
2024-04-30,Tuesday,1,weekday,4,April,2,0,none,0.0,0.0,0,none,20,0.0,0,sharp_double,8.0,11.0,17,21,1.0
2024-05-01,Wednesday,2,weekday,5,May,2,0,none,0.0,0.0,0,none,21,0.0,1,sharp_double,8.0,11.0,17,21,1.0
2024-05-02,Thursday,3,weekday,5,May,2,0,none,0.0,0.0,0,none,22,0.0,0,sharp_double,8.0,11.0,17,21,1.0
2024-05-03,Friday,4,weekday,5,May,2,0,none,0.0,0.0,0,none,23,0.0,0,sharp_double,8.0,11.0,17,21,1.0
2024-05-04,Saturday,5,weekend,5,May,2,0,none,0.0,0.0,0,none,24,0.0,0,broad_single,,,12,21,1.0
2024-05-05,Sunday,6,weekend,5,May,2,0,none,0.0,0.0,0,none,25,0.0,0,broad_single,,,12,21,1.0
2024-05-06,Monday,0,weekday,5,May,2,0,light,4.6,0.065,0,none,26,0.0,0,sharp_double,8.0,11.0,17,21,1.065
2024-05-07,Tuesday,1,weekday,5,May,2,0,none,0.0,0.0,0,none,27,0.0,0,sharp_double,8.0,11.0,17,21,1.0
2024-05-08,Wednesday,2,weekday,5,May,2,0,none,0.0,0.0,0,none,28,0.0,0,sharp_double,8.0,11.0,17,21,1.0
2024-05-09,Thursday,3,weekday,5,May,2,0,none,0.0,0.0,0,none,29,0.0,0,sharp_double,8.0,11.0,17,21,1.0
2024-05-10,Friday,4,weekday,5,May,2,0,none,0.0,0.0,0,none,30,0.0,0,sharp_double,8.0,11.0,17,21,1.0
2024-05-11,Saturday,5,weekend,5,May,2,0,none,0.0,0.0,0,none,31,0.0,0,broad_single,,,12,21,1.0
2024-05-12,Sunday,6,weekend,5,May,2,0,moderate,30.5,0.135,0,none,32,0.0,0,broad_single,,,12,21,1.135
2024-05-13,Monday,0,weekday,5,May,2,0,moderate,32.9,0.135,0,none,33,0.0,0,sharp_double,8.0,11.0,17,21,1.135
2024-05-14,Tuesday,1,weekday,5,May,2,0,none,0.0,0.0,0,none,34,0.0,0,sharp_double,8.0,11.0,17,21,1.0
2024-05-15,Wednesday,2,weekday,5,May,2,0,moderate,16.8,0.135,0,none,35,0.0,0,sharp_double,8.0,11.0,17,21,1.135
2024-05-16,Thursday,3,weekday,5,May,2,0,none,0.0,0.0,0,none,36,0.0,0,sharp_double,8.0,11.0,17,21,1.0
2024-05-17,Friday,4,weekday,5,May,2,0,none,0.0,0.0,0,none,37,0.0,0,sharp_double,8.0,11.0,17,21,1.0
2024-05-18,Saturday,5,weekend,5,May,2,0,none,0.0,0.0,0,none,38,0.0,0,broad_single,,,12,21,1.0
2024-05-19,Sunday,6,weekend,5,May,2,0,none,0.0,0.0,0,none,39,0.0,0,broad_single,,,12,21,1.0
2024-05-20,Monday,0,weekday,5,May,2,0,none,0.0,0.0,0,none,40,0.0,0,sharp_double,8.0,11.0,17,21,1.0
2024-05-21,Tuesday,1,weekday,5,May,2,0,light,6.0,0.065,0,none,41,0.0,0,sharp_double,8.0,11.0,17,21,1.065
2024-05-22,Wednesday,2,weekday,5,May,2,0,none,0.0,0.0,0,none,42,0.0,0,sharp_double,8.0,11.0,17,21,1.0
2024-05-23,Thursday,3,weekday,5,May,2,0,none,0.0,0.0,0,none,43,0.0,0,sharp_double,8.0,11.0,17,21,1.0
2024-05-24,Friday,4,weekday,5,May,2,0,none,0.0,0.0,0,none,44,0.0,0,sharp_double,8.0,11.0,17,21,1.0
2024-05-25,Saturday,5,weekend,5,May,2,0,none,0.0,0.0,0,none,45,0.0,0,broad_single,,,12,21,1.0
2024-05-26,Sunday,6,weekend,5,May,2,0,none,0.0,0.0,0,none,46,0.0,0,broad_single,,,12,21,1.0
2024-05-27,Monday,0,weekday,5,May,2,0,heavy,69.8,0.185,0,none,47,0.0,0,sharp_double,8.0,11.0,17,21,1.185
2024-05-28,Tuesday,1,weekday,5,May,2,0,none,0.0,0.0,0,none,48,0.0,0,sharp_double,8.0,11.0,17,21,1.0
2024-05-29,Wednesday,2,weekday,5,May,2,0,none,0.0,0.0,0,none,49,0.0,0,sharp_double,8.0,11.0,17,21,1.0
2024-05-30,Thursday,3,weekday,5,May,2,0,none,0.0,0.0,0,none,50,0.0,0,sharp_double,8.0,11.0,17,21,1.0
2024-05-31,Friday,4,weekday,5,May,2,0,none,0.0,0.0,0,none,51,0.0,0,sharp_double,8.0,11.0,17,21,1.0
2024-06-01,Saturday,5,weekend,6,June,2,1,moderate,30.4,0.135,0,none,52,0.0,0,broad_single,,,12,21,1.135
2024-06-02,Sunday,6,weekend,6,June,2,1,none,0.0,0.0,0,none,53,0.0,0,broad_single,,,12,21,1.0
2024-06-03,Monday,0,weekday,6,June,2,1,light,2.6,0.065,0,none,54,0.0,0,sharp_double,8.0,11.0,17,21,1.065
2024-06-04,Tuesday,1,weekday,6,June,2,1,heavy,63.0,0.185,0,none,55,0.0,0,sharp_double,8.0,11.0,17,21,1.185
2024-06-05,Wednesday,2,weekday,6,June,2,1,light,1.9,0.065,0,none,56,0.0,0,sharp_double,8.0,11.0,17,21,1.065
2024-06-06,Thursday,3,weekday,6,June,2,1,light,5.6,0.065,0,none,57,0.0,0,sharp_double,8.0,11.0,17,21,1.065
2024-06-07,Friday,4,weekday,6,June,2,1,moderate,27.8,0.135,0,none,58,0.0,0,sharp_double,8.0,11.0,17,21,1.135
2024-06-08,Saturday,5,weekend,6,June,2,1,heavy,56.2,0.185,0,none,59,0.0,0,broad_single,,,12,21,1.185
2024-06-09,Sunday,6,weekend,6,June,2,1,none,0.0,0.0,0,none,60,0.0,0,broad_single,,,12,21,1.0
2024-06-10,Monday,0,weekday,6,June,2,1,moderate,30.2,0.135,0,none,61,0.0,0,sharp_double,8.0,11.0,17,21,1.135
2024-06-11,Tuesday,1,weekday,6,June,2,1,moderate,30.4,0.135,0,none,62,0.0,0,sharp_double,8.0,11.0,17,21,1.135
2024-06-12,Wednesday,2,weekday,6,June,2,1,moderate,25.5,0.135,0,none,63,0.0,0,sharp_double,8.0,11.0,17,21,1.135
2024-06-13,Thursday,3,weekday,6,June,2,1,light,1.4,0.065,0,none,64,0.0,0,sharp_double,8.0,11.0,17,21,1.065
2024-06-14,Friday,4,weekday,6,June,2,1,none,0.0,0.0,0,none,65,0.0,0,sharp_double,8.0,11.0,17,21,1.0
2024-06-15,Saturday,5,weekend,6,June,2,1,none,0.0,0.0,0,none,66,0.0,0,broad_single,,,12,21,1.0
2024-06-16,Sunday,6,weekend,6,June,2,1,moderate,21.3,0.135,0,none,67,0.0,0,broad_single,,,12,21,1.135
2024-06-17,Monday,0,weekday,6,June,2,1,moderate,33.2,0.135,0,none,68,0.0,0,sharp_double,8.0,11.0,17,21,1.135
2024-06-18,Tuesday,1,weekday,6,June,2,1,light,6.7,0.065,0,none,69,0.0,0,sharp_double,8.0,11.0,17,21,1.065
2024-06-19,Wednesday,2,weekday,6,June,2,1,moderate,19.6,0.135,0,none,70,0.0,0,sharp_double,8.0,11.0,17,21,1.135
2024-06-20,Thursday,3,weekday,6,June,2,1,none,0.0,0.0,0,none,71,0.0,0,sharp_double,8.0,11.0,17,21,1.0
2024-06-21,Friday,4,weekday,6,June,2,1,light,3.3,0.065,0,none,72,0.0,0,sharp_double,8.0,11.0,17,21,1.065
2024-06-22,Saturday,5,weekend,6,June,2,1,heavy,71.4,0.185,0,none,73,0.0,0,broad_single,,,12,21,1.185
2024-06-23,Sunday,6,weekend,6,June,2,1,moderate,32.4,0.135,0,none,74,0.0,0,broad_single,,,12,21,1.135
2024-06-24,Monday,0,weekday,6,June,2,1,heavy,43.4,0.185,0,none,75,0.0,0,sharp_double,8.0,11.0,17,21,1.185
2024-06-25,Tuesday,1,weekday,6,June,2,1,heavy,59.3,0.185,0,none,74,0.0,0,sharp_double,8.0,11.0,17,21,1.185
2024-06-26,Wednesday,2,weekday,6,June,2,1,heavy,75.3,0.185,0,none,73,0.0,0,sharp_double,8.0,11.0,17,21,1.185
2024-06-27,Thursday,3,weekday,6,June,2,1,light,2.5,0.065,0,none,72,0.0,0,sharp_double,8.0,11.0,17,21,1.065
2024-06-28,Friday,4,weekday,6,June,2,1,light,7.0,0.065,0,none,71,0.0,0,sharp_double,8.0,11.0,17,21,1.065
2024-06-29,Saturday,5,weekend,6,June,2,1,heavy,73.7,0.185,0,none,70,0.0,0,broad_single,,,12,21,1.185
2024-06-30,Sunday,6,weekend,6,June,2,1,none,0.0,0.0,0,none,69,0.0,0,broad_single,,,12,21,1.0
2024-07-01,Monday,0,weekday,7,July,3,1,moderate,23.3,0.135,0,none,68,0.0,0,sharp_double,8.0,11.0,17,21,1.135
2024-07-02,Tuesday,1,weekday,7,July,3,1,light,2.7,0.065,0,none,67,0.0,0,sharp_double,8.0,11.0,17,21,1.065
2024-07-03,Wednesday,2,weekday,7,July,3,1,light,14.2,0.065,0,none,66,0.0,0,sharp_double,8.0,11.0,17,21,1.065
2024-07-04,Thursday,3,weekday,7,July,3,1,light,8.3,0.065,0,none,65,0.0,0,sharp_double,8.0,11.0,17,21,1.065
2024-07-05,Friday,4,weekday,7,July,3,1,moderate,22.3,0.135,0,none,64,0.0,0,sharp_double,8.0,11.0,17,21,1.135
2024-07-06,Saturday,5,weekend,7,July,3,1,heavy,78.3,0.185,0,none,63,0.0,0,broad_single,,,12,21,1.185
2024-07-07,Sunday,6,weekend,7,July,3,1,light,8.0,0.065,0,none,62,0.0,0,broad_single,,,12,21,1.065
2024-07-08,Monday,0,weekday,7,July,3,1,light,5.0,0.065,0,none,61,0.0,0,sharp_double,8.0,11.0,17,21,1.065
2024-07-09,Tuesday,1,weekday,7,July,3,1,none,0.0,0.0,0,none,60,0.0,0,sharp_double,8.0,11.0,17,21,1.0
2024-07-10,Wednesday,2,weekday,7,July,3,1,moderate,25.1,0.135,0,none,59,0.0,0,sharp_double,8.0,11.0,17,21,1.135
2024-07-11,Thursday,3,weekday,7,July,3,1,none,0.0,0.0,0,none,58,0.0,0,sharp_double,8.0,11.0,17,21,1.0
2024-07-12,Friday,4,weekday,7,July,3,1,light,13.7,0.065,0,none,57,0.0,0,sharp_double,8.0,11.0,17,21,1.065
2024-07-13,Saturday,5,weekend,7,July,3,1,light,3.0,0.065,0,none,56,0.0,0,broad_single,,,12,21,1.065
2024-07-14,Sunday,6,weekend,7,July,3,1,moderate,34.7,0.135,0,none,55,0.0,0,broad_single,,,12,21,1.135
2024-07-15,Monday,0,weekday,7,July,3,1,light,10.4,0.065,0,none,54,0.0,0,sharp_double,8.0,11.0,17,21,1.065
2024-07-16,Tuesday,1,weekday,7,July,3,1,heavy,45.7,0.185,0,none,53,0.0,0,sharp_double,8.0,11.0,17,21,1.185
2024-07-17,Wednesday,2,weekday,7,July,3,1,moderate,22.4,0.135,0,none,52,0.0,0,sharp_double,8.0,11.0,17,21,1.135
2024-07-18,Thursday,3,weekday,7,July,3,1,moderate,27.7,0.135,0,none,51,0.0,0,sharp_double,8.0,11.0,17,21,1.135
2024-07-19,Friday,4,weekday,7,July,3,1,moderate,16.8,0.135,0,none,50,0.0,0,sharp_double,8.0,11.0,17,21,1.135
2024-07-20,Saturday,5,weekend,7,July,3,1,heavy,49.4,0.185,0,none,49,0.0,0,broad_single,,,12,21,1.185
2024-07-21,Sunday,6,weekend,7,July,3,1,light,1.6,0.065,0,none,48,0.0,0,broad_single,,,12,21,1.065
2024-07-22,Monday,0,weekday,7,July,3,1,moderate,28.6,0.135,0,none,47,0.0,0,sharp_double,8.0,11.0,17,21,1.135
2024-07-23,Tuesday,1,weekday,7,July,3,1,none,0.0,0.0,0,none,46,0.0,0,sharp_double,8.0,11.0,17,21,1.0
2024-07-24,Wednesday,2,weekday,7,July,3,1,moderate,19.5,0.135,0,none,45,0.0,0,sharp_double,8.0,11.0,17,21,1.135
2024-07-25,Thursday,3,weekday,7,July,3,1,moderate,18.5,0.135,0,none,44,0.0,0,sharp_double,8.0,11.0,17,21,1.135
2024-07-26,Friday,4,weekday,7,July,3,1,moderate,22.7,0.135,0,none,43,0.0,0,sharp_double,8.0,11.0,17,21,1.135
2024-07-27,Saturday,5,weekend,7,July,3,1,heavy,41.2,0.185,0,none,42,0.0,0,broad_single,,,12,21,1.185
2024-07-28,Sunday,6,weekend,7,July,3,1,light,2.6,0.065,0,none,41,0.0,0,broad_single,,,12,21,1.065
2024-07-29,Monday,0,weekday,7,July,3,1,heavy,74.5,0.185,0,none,40,0.0,0,sharp_double,8.0,11.0,17,21,1.185
2024-07-30,Tuesday,1,weekday,7,July,3,1,light,10.2,0.065,0,none,39,0.0,0,sharp_double,8.0,11.0,17,21,1.065
2024-07-31,Wednesday,2,weekday,7,July,3,1,heavy,60.0,0.185,0,none,38,0.0,0,sharp_double,8.0,11.0,17,21,1.185
2024-08-01,Thursday,3,weekday,8,August,3,1,moderate,19.8,0.135,0,none,37,0.0,0,sharp_double,8.0,11.0,17,21,1.135
2024-08-02,Friday,4,weekday,8,August,3,1,none,0.0,0.0,0,none,36,0.0,0,sharp_double,8.0,11.0,17,21,1.0
2024-08-03,Saturday,5,weekend,8,August,3,1,heavy,75.5,0.185,0,none,35,0.0,0,broad_single,,,12,21,1.185
2024-08-04,Sunday,6,weekend,8,August,3,1,moderate,21.8,0.135,0,none,34,0.0,0,broad_single,,,12,21,1.135
2024-08-05,Monday,0,weekday,8,August,3,1,light,11.2,0.065,0,none,33,0.0,0,sharp_double,8.0,11.0,17,21,1.065
2024-08-06,Tuesday,1,weekday,8,August,3,1,heavy,74.9,0.185,0,none,32,0.0,0,sharp_double,8.0,11.0,17,21,1.185
2024-08-07,Wednesday,2,weekday,8,August,3,1,heavy,63.9,0.185,0,none,31,0.0,0,sharp_double,8.0,11.0,17,21,1.185
2024-08-08,Thursday,3,weekday,8,August,3,1,none,0.0,0.0,0,none,30,0.0,0,sharp_double,8.0,11.0,17,21,1.0
2024-08-09,Friday,4,weekday,8,August,3,1,light,13.6,0.065,0,none,29,0.0,0,sharp_double,8.0,11.0,17,21,1.065
2024-08-10,Saturday,5,weekend,8,August,3,1,moderate,15.2,0.135,0,none,28,0.0,0,broad_single,,,12,21,1.135
2024-08-11,Sunday,6,weekend,8,August,3,1,none,0.0,0.0,0,none,27,0.0,0,broad_single,,,12,21,1.0
2024-08-12,Monday,0,weekday,8,August,3,1,moderate,15.1,0.135,0,none,26,0.0,0,sharp_double,8.0,11.0,17,21,1.135
2024-08-13,Tuesday,1,weekday,8,August,3,1,light,8.7,0.065,0,none,25,0.0,0,sharp_double,8.0,11.0,17,21,1.065
2024-08-14,Wednesday,2,weekday,8,August,3,1,moderate,28.0,0.135,0,none,24,0.0,0,sharp_double,8.0,11.0,17,21,1.135
2024-08-15,Thursday,3,weekday,8,August,3,1,light,11.0,0.065,0,none,23,0.0,1,sharp_double,8.0,11.0,17,21,1.065
2024-08-16,Friday,4,weekday,8,August,3,1,light,5.6,0.065,0,none,22,0.0,0,sharp_double,8.0,11.0,17,21,1.065
2024-08-17,Saturday,5,weekend,8,August,3,1,moderate,28.0,0.135,0,none,21,0.0,0,broad_single,,,12,21,1.135
2024-08-18,Sunday,6,weekend,8,August,3,1,heavy,64.6,0.185,0,none,20,0.0,0,broad_single,,,12,21,1.185
2024-08-19,Monday,0,weekday,8,August,3,1,moderate,16.9,0.135,0,none,19,0.0,0,sharp_double,8.0,11.0,17,21,1.135
2024-08-20,Tuesday,1,weekday,8,August,3,1,light,4.7,0.065,0,none,18,0.0,0,sharp_double,8.0,11.0,17,21,1.065
2024-08-21,Wednesday,2,weekday,8,August,3,1,light,14.6,0.065,0,none,17,0.0,0,sharp_double,8.0,11.0,17,21,1.065
2024-08-22,Thursday,3,weekday,8,August,3,1,light,13.5,0.065,0,none,16,0.0,0,sharp_double,8.0,11.0,17,21,1.065
2024-08-23,Friday,4,weekday,8,August,3,1,moderate,30.9,0.135,0,none,15,0.0,0,sharp_double,8.0,11.0,17,21,1.135
2024-08-24,Saturday,5,weekend,8,August,3,1,moderate,26.5,0.135,0,none,14,0.0,0,broad_single,,,12,21,1.135
2024-08-25,Sunday,6,weekend,8,August,3,1,moderate,18.9,0.135,0,none,13,0.0,0,broad_single,,,12,21,1.135
2024-08-26,Monday,0,weekday,8,August,3,1,moderate,20.6,0.135,0,none,12,0.0,0,sharp_double,8.0,11.0,17,21,1.135
2024-08-27,Tuesday,1,weekday,8,August,3,1,none,0.0,0.0,0,none,11,0.0,0,sharp_double,8.0,11.0,17,21,1.0
2024-08-28,Wednesday,2,weekday,8,August,3,1,moderate,18.5,0.135,0,none,10,0.0,0,sharp_double,8.0,11.0,17,21,1.135
2024-08-29,Thursday,3,weekday,8,August,3,1,heavy,77.9,0.185,0,none,9,0.0,0,sharp_double,8.0,11.0,17,21,1.185
2024-08-30,Friday,4,weekday,8,August,3,1,heavy,51.7,0.185,0,none,8,0.0,0,sharp_double,8.0,11.0,17,21,1.185
2024-08-31,Saturday,5,weekend,8,August,3,1,none,0.0,0.0,0,none,7,0.0,0,broad_single,,,12,21,1.0
2024-09-01,Sunday,6,weekend,9,September,3,1,heavy,54.3,0.185,0,none,6,0.0,0,broad_single,,,12,21,1.185
2024-09-02,Monday,0,weekday,9,September,3,1,heavy,78.4,0.185,0,none,5,0.0,0,sharp_double,8.0,11.0,17,21,1.185
2024-09-03,Tuesday,1,weekday,9,September,3,1,heavy,48.3,0.185,0,none,4,0.0,0,sharp_double,8.0,11.0,17,21,1.185
2024-09-04,Wednesday,2,weekday,9,September,3,1,light,12.9,0.065,0,none,3,0.0,0,sharp_double,8.0,11.0,17,21,1.065
2024-09-05,Thursday,3,weekday,9,September,3,1,none,0.0,0.0,1,Ganesh Chaturthi,2,0.332,0,sharp_double,8.0,11.0,17,21,1.332
2024-09-06,Friday,4,weekday,9,September,3,1,heavy,66.3,0.185,1,Ganesh Chaturthi,1,0.356,0,sharp_double,8.0,11.0,17,21,1.541
2024-09-07,Saturday,5,weekend,9,September,3,1,none,0.0,0.0,1,Ganesh Chaturthi,0,0.357,0,broad_single,,,12,21,1.357
2024-09-08,Sunday,6,weekend,9,September,3,1,heavy,41.3,0.185,1,Ganesh Chaturthi,1,0.362,0,broad_single,,,12,21,1.547
2024-09-09,Monday,0,weekday,9,September,3,1,heavy,68.3,0.185,1,Ganesh Chaturthi,2,0.352,0,sharp_double,8.0,11.0,17,21,1.537
2024-09-10,Tuesday,1,weekday,9,September,3,1,moderate,29.0,0.135,0,none,3,0.0,0,sharp_double,8.0,11.0,17,21,1.135
2024-09-11,Wednesday,2,weekday,9,September,3,1,light,5.1,0.065,0,none,4,0.0,0,sharp_double,8.0,11.0,17,21,1.065
2024-09-12,Thursday,3,weekday,9,September,3,1,moderate,31.2,0.135,0,none,5,0.0,0,sharp_double,8.0,11.0,17,21,1.135
2024-09-13,Friday,4,weekday,9,September,3,1,heavy,76.1,0.185,0,none,6,0.0,0,sharp_double,8.0,11.0,17,21,1.185
2024-09-14,Saturday,5,weekend,9,September,3,1,light,8.0,0.065,0,none,7,0.0,0,broad_single,,,12,21,1.065
2024-09-15,Sunday,6,weekend,9,September,3,1,moderate,28.0,0.135,0,none,8,0.0,0,broad_single,,,12,21,1.135
2024-09-16,Monday,0,weekday,9,September,3,1,moderate,30.9,0.135,0,none,9,0.0,0,sharp_double,8.0,11.0,17,21,1.135
2024-09-17,Tuesday,1,weekday,9,September,3,1,heavy,50.2,0.185,0,none,10,0.0,0,sharp_double,8.0,11.0,17,21,1.185
2024-09-18,Wednesday,2,weekday,9,September,3,1,light,2.3,0.065,0,none,11,0.0,0,sharp_double,8.0,11.0,17,21,1.065
2024-09-19,Thursday,3,weekday,9,September,3,1,moderate,15.7,0.135,0,none,12,0.0,0,sharp_double,8.0,11.0,17,21,1.135
2024-09-20,Friday,4,weekday,9,September,3,1,light,8.6,0.065,0,none,13,0.0,0,sharp_double,8.0,11.0,17,21,1.065
2024-09-21,Saturday,5,weekend,9,September,3,1,light,9.3,0.065,0,none,12,0.0,0,broad_single,,,12,21,1.065
2024-09-22,Sunday,6,weekend,9,September,3,1,none,0.0,0.0,0,none,11,0.0,0,broad_single,,,12,21,1.0
2024-09-23,Monday,0,weekday,9,September,3,1,none,0.0,0.0,0,none,10,0.0,0,sharp_double,8.0,11.0,17,21,1.0
2024-09-24,Tuesday,1,weekday,9,September,3,1,heavy,51.2,0.185,0,none,9,0.0,0,sharp_double,8.0,11.0,17,21,1.185
2024-09-25,Wednesday,2,weekday,9,September,3,1,none,0.0,0.0,0,none,8,0.0,0,sharp_double,8.0,11.0,17,21,1.0
2024-09-26,Thursday,3,weekday,9,September,3,1,moderate,30.4,0.135,0,none,7,0.0,0,sharp_double,8.0,11.0,17,21,1.135
2024-09-27,Friday,4,weekday,9,September,3,1,light,9.7,0.065,0,none,6,0.0,0,sharp_double,8.0,11.0,17,21,1.065
2024-09-28,Saturday,5,weekend,9,September,3,1,none,0.0,0.0,0,none,5,0.0,0,broad_single,,,12,21,1.0
2024-09-29,Sunday,6,weekend,9,September,3,1,none,0.0,0.0,0,none,4,0.0,0,broad_single,,,12,21,1.0
2024-09-30,Monday,0,weekday,9,September,3,1,moderate,25.8,0.135,0,none,3,0.0,0,sharp_double,8.0,11.0,17,21,1.135
2024-10-01,Tuesday,1,weekday,10,October,4,0,none,0.0,0.0,1,Navratri,2,0.184,0,sharp_double,8.0,11.0,17,21,1.184
2024-10-02,Wednesday,2,weekday,10,October,4,0,none,0.0,0.0,1,Navratri,1,0.218,1,sharp_double,8.0,11.0,17,21,1.218
2024-10-03,Thursday,3,weekday,10,October,4,0,light,4.8,0.065,1,Navratri,0,0.152,0,sharp_double,8.0,11.0,17,21,1.217
2024-10-04,Friday,4,weekday,10,October,4,0,none,0.0,0.0,1,Navratri,1,0.164,0,sharp_double,8.0,11.0,17,21,1.164
2024-10-05,Saturday,5,weekend,10,October,4,0,moderate,31.7,0.135,1,Navratri,2,0.123,0,broad_single,,,12,21,1.258
2024-10-06,Sunday,6,weekend,10,October,4,0,none,0.0,0.0,0,none,3,0.0,0,broad_single,,,12,21,1.0
2024-10-07,Monday,0,weekday,10,October,4,0,none,0.0,0.0,0,none,4,0.0,0,sharp_double,8.0,11.0,17,21,1.0
2024-10-08,Tuesday,1,weekday,10,October,4,0,none,0.0,0.0,0,none,5,0.0,0,sharp_double,8.0,11.0,17,21,1.0
2024-10-09,Wednesday,2,weekday,10,October,4,0,none,0.0,0.0,0,none,6,0.0,0,sharp_double,8.0,11.0,17,21,1.0
2024-10-10,Thursday,3,weekday,10,October,4,0,none,0.0,0.0,0,none,7,0.0,0,sharp_double,8.0,11.0,17,21,1.0
2024-10-11,Friday,4,weekday,10,October,4,0,none,0.0,0.0,0,none,8,0.0,0,sharp_double,8.0,11.0,17,21,1.0
2024-10-12,Saturday,5,weekend,10,October,4,0,none,0.0,0.0,0,none,9,0.0,1,broad_single,,,12,21,1.0
2024-10-13,Sunday,6,weekend,10,October,4,0,none,0.0,0.0,0,none,10,0.0,0,broad_single,,,12,21,1.0
2024-10-14,Monday,0,weekday,10,October,4,0,none,0.0,0.0,0,none,11,0.0,0,sharp_double,8.0,11.0,17,21,1.0
2024-10-15,Tuesday,1,weekday,10,October,4,0,moderate,29.8,0.135,0,none,12,0.0,0,sharp_double,8.0,11.0,17,21,1.135
2024-10-16,Wednesday,2,weekday,10,October,4,0,none,0.0,0.0,0,none,13,0.0,0,sharp_double,8.0,11.0,17,21,1.0
2024-10-17,Thursday,3,weekday,10,October,4,0,none,0.0,0.0,0,none,14,0.0,0,sharp_double,8.0,11.0,17,21,1.0
2024-10-18,Friday,4,weekday,10,October,4,0,none,0.0,0.0,0,none,14,0.0,0,sharp_double,8.0,11.0,17,21,1.0
2024-10-19,Saturday,5,weekend,10,October,4,0,none,0.0,0.0,0,none,13,0.0,0,broad_single,,,12,21,1.0
2024-10-20,Sunday,6,weekend,10,October,4,0,none,0.0,0.0,0,none,12,0.0,0,broad_single,,,12,21,1.0
2024-10-21,Monday,0,weekday,10,October,4,0,light,1.2,0.065,0,none,11,0.0,0,sharp_double,8.0,11.0,17,21,1.065
2024-10-22,Tuesday,1,weekday,10,October,4,0,none,0.0,0.0,0,none,10,0.0,0,sharp_double,8.0,11.0,17,21,1.0
2024-10-23,Wednesday,2,weekday,10,October,4,0,none,0.0,0.0,0,none,9,0.0,0,sharp_double,8.0,11.0,17,21,1.0
2024-10-24,Thursday,3,weekday,10,October,4,0,none,0.0,0.0,0,none,8,0.0,0,sharp_double,8.0,11.0,17,21,1.0
2024-10-25,Friday,4,weekday,10,October,4,0,light,10.9,0.065,0,none,7,0.0,0,sharp_double,8.0,11.0,17,21,1.065
2024-10-26,Saturday,5,weekend,10,October,4,0,none,0.0,0.0,0,none,6,0.0,0,broad_single,,,12,21,1.0
2024-10-27,Sunday,6,weekend,10,October,4,0,none,0.0,0.0,0,none,5,0.0,0,broad_single,,,12,21,1.0
2024-10-28,Monday,0,weekday,10,October,4,0,none,0.0,0.0,0,none,4,0.0,0,sharp_double,8.0,11.0,17,21,1.0
2024-10-29,Tuesday,1,weekday,10,October,4,0,none,0.0,0.0,0,none,3,0.0,0,sharp_double,8.0,11.0,17,21,1.0
2024-10-30,Wednesday,2,weekday,10,October,4,0,none,0.0,0.0,1,Diwali,2,0.317,0,sharp_double,8.0,11.0,17,21,1.317
2024-10-31,Thursday,3,weekday,10,October,4,0,none,0.0,0.0,1,Diwali,1,0.34,0,sharp_double,8.0,11.0,17,21,1.34
2024-11-01,Friday,4,weekday,11,November,4,0,none,0.0,0.0,1,Diwali,0,0.364,1,sharp_double,8.0,11.0,17,21,1.364
2024-11-02,Saturday,5,weekend,11,November,4,0,none,0.0,0.0,1,Diwali,1,0.337,0,broad_single,,,12,21,1.337
2024-11-03,Sunday,6,weekend,11,November,4,0,none,0.0,0.0,1,Diwali,2,0.35,0,broad_single,,,12,21,1.35
2024-11-04,Monday,0,weekday,11,November,4,0,none,0.0,0.0,0,none,3,0.0,0,sharp_double,8.0,11.0,17,21,1.0
2024-11-05,Tuesday,1,weekday,11,November,4,0,none,0.0,0.0,0,none,4,0.0,0,sharp_double,8.0,11.0,17,21,1.0
2024-11-06,Wednesday,2,weekday,11,November,4,0,none,0.0,0.0,0,none,5,0.0,0,sharp_double,8.0,11.0,17,21,1.0
2024-11-07,Thursday,3,weekday,11,November,4,0,none,0.0,0.0,0,none,6,0.0,0,sharp_double,8.0,11.0,17,21,1.0
2024-11-08,Friday,4,weekday,11,November,4,0,none,0.0,0.0,0,none,7,0.0,0,sharp_double,8.0,11.0,17,21,1.0
2024-11-09,Saturday,5,weekend,11,November,4,0,none,0.0,0.0,0,none,8,0.0,0,broad_single,,,12,21,1.0
2024-11-10,Sunday,6,weekend,11,November,4,0,light,9.1,0.065,0,none,9,0.0,0,broad_single,,,12,21,1.065
2024-11-11,Monday,0,weekday,11,November,4,0,none,0.0,0.0,0,none,10,0.0,0,sharp_double,8.0,11.0,17,21,1.0
2024-11-12,Tuesday,1,weekday,11,November,4,0,none,0.0,0.0,0,none,11,0.0,0,sharp_double,8.0,11.0,17,21,1.0
2024-11-13,Wednesday,2,weekday,11,November,4,0,none,0.0,0.0,0,none,12,0.0,0,sharp_double,8.0,11.0,17,21,1.0
2024-11-14,Thursday,3,weekday,11,November,4,0,none,0.0,0.0,0,none,13,0.0,0,sharp_double,8.0,11.0,17,21,1.0
2024-11-15,Friday,4,weekday,11,November,4,0,light,6.4,0.065,0,none,14,0.0,1,sharp_double,8.0,11.0,17,21,1.065
2024-11-16,Saturday,5,weekend,11,November,4,0,light,13.7,0.065,0,none,15,0.0,0,broad_single,,,12,21,1.065
2024-11-17,Sunday,6,weekend,11,November,4,0,none,0.0,0.0,0,none,16,0.0,0,broad_single,,,12,21,1.0
2024-11-18,Monday,0,weekday,11,November,4,0,none,0.0,0.0,0,none,17,0.0,0,sharp_double,8.0,11.0,17,21,1.0
2024-11-19,Tuesday,1,weekday,11,November,4,0,none,0.0,0.0,0,none,18,0.0,0,sharp_double,8.0,11.0,17,21,1.0
2024-11-20,Wednesday,2,weekday,11,November,4,0,none,0.0,0.0,0,none,19,0.0,0,sharp_double,8.0,11.0,17,21,1.0
2024-11-21,Thursday,3,weekday,11,November,4,0,none,0.0,0.0,0,none,20,0.0,0,sharp_double,8.0,11.0,17,21,1.0
2024-11-22,Friday,4,weekday,11,November,4,0,none,0.0,0.0,0,none,21,0.0,0,sharp_double,8.0,11.0,17,21,1.0
2024-11-23,Saturday,5,weekend,11,November,4,0,none,0.0,0.0,0,none,22,0.0,0,broad_single,,,12,21,1.0
2024-11-24,Sunday,6,weekend,11,November,4,0,none,0.0,0.0,0,none,23,0.0,0,broad_single,,,12,21,1.0
2024-11-25,Monday,0,weekday,11,November,4,0,none,0.0,0.0,0,none,24,0.0,0,sharp_double,8.0,11.0,17,21,1.0
2024-11-26,Tuesday,1,weekday,11,November,4,0,none,0.0,0.0,0,none,25,0.0,0,sharp_double,8.0,11.0,17,21,1.0
2024-11-27,Wednesday,2,weekday,11,November,4,0,none,0.0,0.0,0,none,26,0.0,0,sharp_double,8.0,11.0,17,21,1.0
2024-11-28,Thursday,3,weekday,11,November,4,0,none,0.0,0.0,0,none,27,0.0,0,sharp_double,8.0,11.0,17,21,1.0
2024-11-29,Friday,4,weekday,11,November,4,0,none,0.0,0.0,0,none,28,0.0,0,sharp_double,8.0,11.0,17,21,1.0
2024-11-30,Saturday,5,weekend,11,November,4,0,none,0.0,0.0,0,none,29,0.0,0,broad_single,,,12,21,1.0
2024-12-01,Sunday,6,weekend,12,December,4,0,none,0.0,0.0,0,none,30,0.0,0,broad_single,,,12,21,1.0
2024-12-02,Monday,0,weekday,12,December,4,0,none,0.0,0.0,0,none,30,0.0,0,sharp_double,8.0,11.0,17,21,1.0
2024-12-03,Tuesday,1,weekday,12,December,4,0,none,0.0,0.0,0,none,29,0.0,0,sharp_double,8.0,11.0,17,21,1.0
2024-12-04,Wednesday,2,weekday,12,December,4,0,none,0.0,0.0,0,none,28,0.0,0,sharp_double,8.0,11.0,17,21,1.0
2024-12-05,Thursday,3,weekday,12,December,4,0,none,0.0,0.0,0,none,27,0.0,0,sharp_double,8.0,11.0,17,21,1.0
2024-12-06,Friday,4,weekday,12,December,4,0,none,0.0,0.0,0,none,26,0.0,0,sharp_double,8.0,11.0,17,21,1.0
2024-12-07,Saturday,5,weekend,12,December,4,0,none,0.0,0.0,0,none,25,0.0,0,broad_single,,,12,21,1.0
2024-12-08,Sunday,6,weekend,12,December,4,0,none,0.0,0.0,0,none,24,0.0,0,broad_single,,,12,21,1.0
2024-12-09,Monday,0,weekday,12,December,4,0,moderate,23.3,0.135,0,none,23,0.0,0,sharp_double,8.0,11.0,17,21,1.135
2024-12-10,Tuesday,1,weekday,12,December,4,0,none,0.0,0.0,0,none,22,0.0,0,sharp_double,8.0,11.0,17,21,1.0
2024-12-11,Wednesday,2,weekday,12,December,4,0,none,0.0,0.0,0,none,21,0.0,0,sharp_double,8.0,11.0,17,21,1.0
2024-12-12,Thursday,3,weekday,12,December,4,0,none,0.0,0.0,0,none,20,0.0,0,sharp_double,8.0,11.0,17,21,1.0
2024-12-13,Friday,4,weekday,12,December,4,0,light,13.0,0.065,0,none,19,0.0,0,sharp_double,8.0,11.0,17,21,1.065
2024-12-14,Saturday,5,weekend,12,December,4,0,none,0.0,0.0,0,none,18,0.0,0,broad_single,,,12,21,1.0
2024-12-15,Sunday,6,weekend,12,December,4,0,none,0.0,0.0,0,none,17,0.0,0,broad_single,,,12,21,1.0
2024-12-16,Monday,0,weekday,12,December,4,0,none,0.0,0.0,0,none,16,0.0,0,sharp_double,8.0,11.0,17,21,1.0
2024-12-17,Tuesday,1,weekday,12,December,4,0,none,0.0,0.0,0,none,15,0.0,0,sharp_double,8.0,11.0,17,21,1.0
2024-12-18,Wednesday,2,weekday,12,December,4,0,none,0.0,0.0,0,none,14,0.0,0,sharp_double,8.0,11.0,17,21,1.0
2024-12-19,Thursday,3,weekday,12,December,4,0,none,0.0,0.0,0,none,13,0.0,0,sharp_double,8.0,11.0,17,21,1.0
2024-12-20,Friday,4,weekday,12,December,4,0,none,0.0,0.0,0,none,12,0.0,0,sharp_double,8.0,11.0,17,21,1.0
2024-12-21,Saturday,5,weekend,12,December,4,0,none,0.0,0.0,0,none,11,0.0,0,broad_single,,,12,21,1.0
2024-12-22,Sunday,6,weekend,12,December,4,0,none,0.0,0.0,0,none,10,0.0,0,broad_single,,,12,21,1.0
2024-12-23,Monday,0,weekday,12,December,4,0,none,0.0,0.0,0,none,9,0.0,0,sharp_double,8.0,11.0,17,21,1.0
2024-12-24,Tuesday,1,weekday,12,December,4,0,none,0.0,0.0,0,none,8,0.0,0,sharp_double,8.0,11.0,17,21,1.0
2024-12-25,Wednesday,2,weekday,12,December,4,0,none,0.0,0.0,0,none,7,0.0,0,sharp_double,8.0,11.0,17,21,1.0
2024-12-26,Thursday,3,weekday,12,December,4,0,none,0.0,0.0,0,none,6,0.0,0,sharp_double,8.0,11.0,17,21,1.0
2024-12-27,Friday,4,weekday,12,December,4,0,none,0.0,0.0,0,none,5,0.0,0,sharp_double,8.0,11.0,17,21,1.0
2024-12-28,Saturday,5,weekend,12,December,4,0,light,14.3,0.065,0,none,4,0.0,0,broad_single,,,12,21,1.065
2024-12-29,Sunday,6,weekend,12,December,4,0,none,0.0,0.0,0,none,3,0.0,0,broad_single,,,12,21,1.0
2024-12-30,Monday,0,weekday,12,December,4,0,none,0.0,0.0,1,New Year,2,0.271,0,sharp_double,8.0,11.0,17,21,1.271
2024-12-31,Tuesday,1,weekday,12,December,4,0,none,0.0,0.0,1,New Year,1,0.243,0,sharp_double,8.0,11.0,17,21,1.243
2025-01-01,Wednesday,2,weekday,1,January,1,0,none,0.0,0.0,1,New Year,0,0.274,1,sharp_double,8.0,11.0,17,21,1.274
2025-01-02,Thursday,3,weekday,1,January,1,0,none,0.0,0.0,1,New Year,1,0.283,0,sharp_double,8.0,11.0,17,21,1.283
2025-01-03,Friday,4,weekday,1,January,1,0,none,0.0,0.0,1,New Year,2,0.227,0,sharp_double,8.0,11.0,17,21,1.227
2025-01-04,Saturday,5,weekend,1,January,1,0,none,0.0,0.0,0,none,3,0.0,0,broad_single,,,12,21,1.0
2025-01-05,Sunday,6,weekend,1,January,1,0,none,0.0,0.0,0,none,4,0.0,0,broad_single,,,12,21,1.0
2025-01-06,Monday,0,weekday,1,January,1,0,none,0.0,0.0,0,none,5,0.0,0,sharp_double,8.0,11.0,17,21,1.0
2025-01-07,Tuesday,1,weekday,1,January,1,0,none,0.0,0.0,0,none,6,0.0,0,sharp_double,8.0,11.0,17,21,1.0
2025-01-08,Wednesday,2,weekday,1,January,1,0,none,0.0,0.0,0,none,7,0.0,0,sharp_double,8.0,11.0,17,21,1.0
2025-01-09,Thursday,3,weekday,1,January,1,0,none,0.0,0.0,0,none,8,0.0,0,sharp_double,8.0,11.0,17,21,1.0
2025-01-10,Friday,4,weekday,1,January,1,0,none,0.0,0.0,0,none,9,0.0,0,sharp_double,8.0,11.0,17,21,1.0
2025-01-11,Saturday,5,weekend,1,January,1,0,none,0.0,0.0,0,none,10,0.0,0,broad_single,,,12,21,1.0
2025-01-12,Sunday,6,weekend,1,January,1,0,none,0.0,0.0,0,none,11,0.0,0,broad_single,,,12,21,1.0
2025-01-13,Monday,0,weekday,1,January,1,0,none,0.0,0.0,0,none,12,0.0,0,sharp_double,8.0,11.0,17,21,1.0
2025-01-14,Tuesday,1,weekday,1,January,1,0,none,0.0,0.0,0,none,13,0.0,0,sharp_double,8.0,11.0,17,21,1.0
2025-01-15,Wednesday,2,weekday,1,January,1,0,none,0.0,0.0,0,none,14,0.0,0,sharp_double,8.0,11.0,17,21,1.0
2025-01-16,Thursday,3,weekday,1,January,1,0,none,0.0,0.0,0,none,15,0.0,0,sharp_double,8.0,11.0,17,21,1.0
2025-01-17,Friday,4,weekday,1,January,1,0,none,0.0,0.0,0,none,16,0.0,0,sharp_double,8.0,11.0,17,21,1.0
2025-01-18,Saturday,5,weekend,1,January,1,0,none,0.0,0.0,0,none,17,0.0,0,broad_single,,,12,21,1.0
2025-01-19,Sunday,6,weekend,1,January,1,0,none,0.0,0.0,0,none,18,0.0,0,broad_single,,,12,21,1.0
2025-01-20,Monday,0,weekday,1,January,1,0,none,0.0,0.0,0,none,19,0.0,0,sharp_double,8.0,11.0,17,21,1.0
2025-01-21,Tuesday,1,weekday,1,January,1,0,light,6.2,0.065,0,none,20,0.0,0,sharp_double,8.0,11.0,17,21,1.065
2025-01-22,Wednesday,2,weekday,1,January,1,0,none,0.0,0.0,0,none,21,0.0,0,sharp_double,8.0,11.0,17,21,1.0
2025-01-23,Thursday,3,weekday,1,January,1,0,none,0.0,0.0,0,none,22,0.0,0,sharp_double,8.0,11.0,17,21,1.0
2025-01-24,Friday,4,weekday,1,January,1,0,none,0.0,0.0,0,none,23,0.0,0,sharp_double,8.0,11.0,17,21,1.0
2025-01-25,Saturday,5,weekend,1,January,1,0,light,11.5,0.065,0,none,24,0.0,0,broad_single,,,12,21,1.065
2025-01-26,Sunday,6,weekend,1,January,1,0,none,0.0,0.0,0,none,25,0.0,1,broad_single,,,12,21,1.0
2025-01-27,Monday,0,weekday,1,January,1,0,none,0.0,0.0,0,none,26,0.0,0,sharp_double,8.0,11.0,17,21,1.0
2025-01-28,Tuesday,1,weekday,1,January,1,0,none,0.0,0.0,0,none,27,0.0,0,sharp_double,8.0,11.0,17,21,1.0
2025-01-29,Wednesday,2,weekday,1,January,1,0,none,0.0,0.0,0,none,28,0.0,0,sharp_double,8.0,11.0,17,21,1.0
2025-01-30,Thursday,3,weekday,1,January,1,0,none,0.0,0.0,0,none,29,0.0,0,sharp_double,8.0,11.0,17,21,1.0
2025-01-31,Friday,4,weekday,1,January,1,0,none,0.0,0.0,0,none,30,0.0,0,sharp_double,8.0,11.0,17,21,1.0
2025-02-01,Saturday,5,weekend,2,February,1,0,none,0.0,0.0,0,none,31,0.0,0,broad_single,,,12,21,1.0
2025-02-02,Sunday,6,weekend,2,February,1,0,none,0.0,0.0,0,none,32,0.0,0,broad_single,,,12,21,1.0
2025-02-03,Monday,0,weekday,2,February,1,0,none,0.0,0.0,0,none,33,0.0,0,sharp_double,8.0,11.0,17,21,1.0
2025-02-04,Tuesday,1,weekday,2,February,1,0,none,0.0,0.0,0,none,34,0.0,0,sharp_double,8.0,11.0,17,21,1.0
2025-02-05,Wednesday,2,weekday,2,February,1,0,none,0.0,0.0,0,none,35,0.0,0,sharp_double,8.0,11.0,17,21,1.0
2025-02-06,Thursday,3,weekday,2,February,1,0,none,0.0,0.0,0,none,36,0.0,0,sharp_double,8.0,11.0,17,21,1.0
2025-02-07,Friday,4,weekday,2,February,1,0,none,0.0,0.0,0,none,35,0.0,0,sharp_double,8.0,11.0,17,21,1.0
2025-02-08,Saturday,5,weekend,2,February,1,0,none,0.0,0.0,0,none,34,0.0,0,broad_single,,,12,21,1.0
2025-02-09,Sunday,6,weekend,2,February,1,0,none,0.0,0.0,0,none,33,0.0,0,broad_single,,,12,21,1.0
2025-02-10,Monday,0,weekday,2,February,1,0,none,0.0,0.0,0,none,32,0.0,0,sharp_double,8.0,11.0,17,21,1.0
2025-02-11,Tuesday,1,weekday,2,February,1,0,light,6.2,0.065,0,none,31,0.0,0,sharp_double,8.0,11.0,17,21,1.065
2025-02-12,Wednesday,2,weekday,2,February,1,0,none,0.0,0.0,0,none,30,0.0,0,sharp_double,8.0,11.0,17,21,1.0
2025-02-13,Thursday,3,weekday,2,February,1,0,none,0.0,0.0,0,none,29,0.0,0,sharp_double,8.0,11.0,17,21,1.0
2025-02-14,Friday,4,weekday,2,February,1,0,none,0.0,0.0,0,none,28,0.0,0,sharp_double,8.0,11.0,17,21,1.0
2025-02-15,Saturday,5,weekend,2,February,1,0,light,1.2,0.065,0,none,27,0.0,0,broad_single,,,12,21,1.065
2025-02-16,Sunday,6,weekend,2,February,1,0,light,1.6,0.065,0,none,26,0.0,0,broad_single,,,12,21,1.065
2025-02-17,Monday,0,weekday,2,February,1,0,none,0.0,0.0,0,none,25,0.0,0,sharp_double,8.0,11.0,17,21,1.0
2025-02-18,Tuesday,1,weekday,2,February,1,0,none,0.0,0.0,0,none,24,0.0,0,sharp_double,8.0,11.0,17,21,1.0
2025-02-19,Wednesday,2,weekday,2,February,1,0,moderate,16.5,0.135,0,none,23,0.0,0,sharp_double,8.0,11.0,17,21,1.135
2025-02-20,Thursday,3,weekday,2,February,1,0,none,0.0,0.0,0,none,22,0.0,0,sharp_double,8.0,11.0,17,21,1.0
2025-02-21,Friday,4,weekday,2,February,1,0,light,8.3,0.065,0,none,21,0.0,0,sharp_double,8.0,11.0,17,21,1.065
2025-02-22,Saturday,5,weekend,2,February,1,0,none,0.0,0.0,0,none,20,0.0,0,broad_single,,,12,21,1.0
2025-02-23,Sunday,6,weekend,2,February,1,0,none,0.0,0.0,0,none,19,0.0,0,broad_single,,,12,21,1.0
2025-02-24,Monday,0,weekday,2,February,1,0,none,0.0,0.0,0,none,18,0.0,0,sharp_double,8.0,11.0,17,21,1.0
2025-02-25,Tuesday,1,weekday,2,February,1,0,none,0.0,0.0,0,none,17,0.0,0,sharp_double,8.0,11.0,17,21,1.0
2025-02-26,Wednesday,2,weekday,2,February,1,0,none,0.0,0.0,0,none,16,0.0,0,sharp_double,8.0,11.0,17,21,1.0
2025-02-27,Thursday,3,weekday,2,February,1,0,none,0.0,0.0,0,none,15,0.0,0,sharp_double,8.0,11.0,17,21,1.0
2025-02-28,Friday,4,weekday,2,February,1,0,none,0.0,0.0,0,none,14,0.0,0,sharp_double,8.0,11.0,17,21,1.0
2025-03-01,Saturday,5,weekend,3,March,1,0,none,0.0,0.0,0,none,13,0.0,0,broad_single,,,12,21,1.0
2025-03-02,Sunday,6,weekend,3,March,1,0,light,13.5,0.065,0,none,12,0.0,0,broad_single,,,12,21,1.065
2025-03-03,Monday,0,weekday,3,March,1,0,none,0.0,0.0,0,none,11,0.0,0,sharp_double,8.0,11.0,17,21,1.0
2025-03-04,Tuesday,1,weekday,3,March,1,0,none,0.0,0.0,0,none,10,0.0,0,sharp_double,8.0,11.0,17,21,1.0
2025-03-05,Wednesday,2,weekday,3,March,1,0,none,0.0,0.0,0,none,9,0.0,0,sharp_double,8.0,11.0,17,21,1.0
2025-03-06,Thursday,3,weekday,3,March,1,0,none,0.0,0.0,0,none,8,0.0,0,sharp_double,8.0,11.0,17,21,1.0
2025-03-07,Friday,4,weekday,3,March,1,0,none,0.0,0.0,0,none,7,0.0,0,sharp_double,8.0,11.0,17,21,1.0
2025-03-08,Saturday,5,weekend,3,March,1,0,none,0.0,0.0,0,none,6,0.0,0,broad_single,,,12,21,1.0
2025-03-09,Sunday,6,weekend,3,March,1,0,none,0.0,0.0,0,none,5,0.0,0,broad_single,,,12,21,1.0
2025-03-10,Monday,0,weekday,3,March,1,0,none,0.0,0.0,0,none,4,0.0,0,sharp_double,8.0,11.0,17,21,1.0
2025-03-11,Tuesday,1,weekday,3,March,1,0,light,14.8,0.065,0,none,3,0.0,0,sharp_double,8.0,11.0,17,21,1.065
2025-03-12,Wednesday,2,weekday,3,March,1,0,none,0.0,0.0,1,Holi,2,0.19,0,sharp_double,8.0,11.0,17,21,1.19
2025-03-13,Thursday,3,weekday,3,March,1,0,none,0.0,0.0,1,Holi,1,0.151,0,sharp_double,8.0,11.0,17,21,1.151
2025-03-14,Friday,4,weekday,3,March,1,0,none,0.0,0.0,1,Holi,0,0.188,1,sharp_double,8.0,11.0,17,21,1.188
2025-03-15,Saturday,5,weekend,3,March,1,0,none,0.0,0.0,1,Holi,1,0.211,0,broad_single,,,12,21,1.211
2025-03-16,Sunday,6,weekend,3,March,1,0,none,0.0,0.0,1,Holi,2,0.215,0,broad_single,,,12,21,1.215
2025-03-17,Monday,0,weekday,3,March,1,0,none,0.0,0.0,0,none,3,0.0,0,sharp_double,8.0,11.0,17,21,1.0
2025-03-18,Tuesday,1,weekday,3,March,1,0,none,0.0,0.0,0,none,4,0.0,0,sharp_double,8.0,11.0,17,21,1.0
2025-03-19,Wednesday,2,weekday,3,March,1,0,light,13.1,0.065,0,none,5,0.0,0,sharp_double,8.0,11.0,17,21,1.065
2025-03-20,Thursday,3,weekday,3,March,1,0,none,0.0,0.0,0,none,6,0.0,0,sharp_double,8.0,11.0,17,21,1.0
2025-03-21,Friday,4,weekday,3,March,1,0,none,0.0,0.0,0,none,7,0.0,0,sharp_double,8.0,11.0,17,21,1.0
2025-03-22,Saturday,5,weekend,3,March,1,0,none,0.0,0.0,0,none,8,0.0,0,broad_single,,,12,21,1.0
2025-03-23,Sunday,6,weekend,3,March,1,0,none,0.0,0.0,0,none,9,0.0,0,broad_single,,,12,21,1.0
2025-03-24,Monday,0,weekday,3,March,1,0,moderate,18.0,0.135,0,none,10,0.0,0,sharp_double,8.0,11.0,17,21,1.135
2025-03-25,Tuesday,1,weekday,3,March,1,0,none,0.0,0.0,0,none,11,0.0,0,sharp_double,8.0,11.0,17,21,1.0
2025-03-26,Wednesday,2,weekday,3,March,1,0,none,0.0,0.0,0,none,12,0.0,0,sharp_double,8.0,11.0,17,21,1.0
2025-03-27,Thursday,3,weekday,3,March,1,0,light,12.8,0.065,0,none,13,0.0,0,sharp_double,8.0,11.0,17,21,1.065
2025-03-28,Friday,4,weekday,3,March,1,0,none,0.0,0.0,0,none,14,0.0,0,sharp_double,8.0,11.0,17,21,1.0
2025-03-29,Saturday,5,weekend,3,March,1,0,none,0.0,0.0,0,none,15,0.0,0,broad_single,,,12,21,1.0
2025-03-30,Sunday,6,weekend,3,March,1,0,none,0.0,0.0,0,none,16,0.0,0,broad_single,,,12,21,1.0
2025-03-31,Monday,0,weekday,3,March,1,0,none,0.0,0.0,0,none,17,0.0,0,sharp_double,8.0,11.0,17,21,1.0
