station_name,line,severity_label,severity_encoded,auto_problem_score,walking_problem_score,bus_problem_score,crowding_score,safety_score,lmpi_score,pop_density,auto_supply_score,bus_connectivity_score,walk_dist_m,is_interchange,is_elevated,role_encoded,survey_satisfaction,survey_auto_avail,survey_bus_freq,survey_safety,survey_walkability,best_impact,num_interventions,avg_cost,rec_trains_peak,freq_delta_peak,freq_impact
BKC,3,Critical,3,0.7670682730923697,0.5678092399403873,0.460220318237454,1.0,0.36390101892285304,1.0,0.875,0.42857142857142855,0.589041095890411,0.48571428571428565,0.0,0.0,0.5,0.2666666666666664,0.15625,0.5277777777777778,0.607142857142857,0.4074074074074075,1.0,1.0,0.7000742390497401,0.25,0.625,1.0
SEEPZ,3,Critical,3,0.7483266398929049,0.38301043219076014,0.7698898408812729,0.7383720930232559,0.710334788937409,0.9615384615384615,0.5625,0.28571428571428564,0.3835616438356164,0.3857142857142857,0.0,0.0,0.3571428571428571,0.33333333333333326,0.28125,0.16666666666666669,0.2857142857142856,0.5555555555555556,1.0,1.0,0.5003711952487007,0.25,0.625,0.9704918032786884
MIDC,3,Critical,3,0.9089692101740294,0.49478390461997024,0.7197062423500611,0.7364341085271321,0.15574963609898107,0.9524886877828056,0.5375,0.2571428571428571,0.3561643835616438,0.41428571428571426,0.0,0.0,0.3571428571428571,0.33333333333333326,0.03125,0.2777777777777778,0.8214285714285712,0.48148148148148145,0.977667493796526,1.0,0.6644394951744617,0.25,0.625,0.9639344262295082
Worli,3,Critical,3,0.5207496653279786,0.3845007451564828,0.4883720930232558,0.8081395348837211,0.1688500727802038,0.7556561085972853,0.7124999999999999,0.6428571428571428,0.6575342465753424,0.2142857142857143,0.0,0.0,0.5,0.6666666666666667,0.46875,0.5,0.7142857142857142,0.5555555555555556,1.0,1.0,0.7037861915367483,0.25,0.625,0.8229508196721311
Gundavali,7,Critical,3,0.4257028112449799,0.32488822652757077,0.4296205630354957,0.5717054263565894,0.6186317321688501,0.7488687782805432,0.625,0.6428571428571428,0.6575342465753424,0.24285714285714288,1.0,1.0,0.21428571428571427,0.6666666666666667,0.53125,0.5,0.2857142857142856,0.5925925925925928,0.9727047146401986,1.0,0.6822568671121008,0.4900000000000002,1.0,0.980327868852459
Marol Naka,3,Critical,3,0.4872824631860777,0.16989567809239936,0.39657282741738065,0.7713178294573645,0.215429403202329,0.6809954751131224,0.75,0.6428571428571428,0.726027397260274,0.1428571428571428,1.0,0.0,0.21428571428571427,0.6666666666666667,0.40625,0.5555555555555556,0.75,0.8148148148148149,1.0,1.0,0.9213066072754268,0.40000000000000013,1.0,0.9311475409836065
Ghatkopar,1,Critical,3,0.20615796519410978,0.1743666169895679,0.13953488372093023,0.9050387596899226,0.2882096069868996,0.6764705882352942,1.0,0.9285714285714284,1.0,0.0,1.0,1.0,0.2857142857142857,0.7999999999999996,0.71875,0.8055555555555555,0.6785714285714284,0.7777777777777779,1.0,1.0,0.602821083890126,1.0,0.725,0.7311475409836066
Dahisar (E),7,Critical,3,0.3493975903614458,0.2682563338301043,0.22521419828641367,0.7732558139534885,0.455604075691412,0.6742081447963801,0.7124999999999999,0.6428571428571428,0.7945205479452053,0.19999999999999996,1.0,1.0,1.0,0.533333333333333,0.625,0.7777777777777778,0.5357142857142856,0.7037037037037037,1.0,1.0,0.5991091314031178,0.4900000000000002,1.0,0.9278688524590164
Andheri,1,Critical,3,0.17670682730923687,0.15648286140089418,0.10281517747858013,0.8759689922480621,0.38864628820960695,0.656108597285068,1.0,0.8857142857142857,0.9589041095890409,0.01428571428571429,1.0,1.0,0.2857142857142857,0.7999999999999996,0.78125,0.861111111111111,0.5714285714285714,0.7777777777777779,1.0,1.0,0.7060133630289531,1.0,0.725,0.714754098360656
Marol Naka L1,1,Critical,3,0.4002677376171352,0.2622950819672132,0.3782129742962056,0.7635658914728684,0.16593886462882101,0.6515837104072397,0.75,0.6428571428571428,0.726027397260274,0.1428571428571428,1.0,1.0,0.21428571428571427,0.7333333333333332,0.53125,0.6111111111111112,0.8214285714285712,0.6666666666666667,0.9640198511166254,1.0,0.7795100222717148,1.0,0.725,0.7114754098360658
CSMT,3,Critical,3,0.2476572958500669,0.0,0.018359853121175024,0.8527131782945739,0.5997088791848617,0.6402714932126696,0.9625000000000001,0.9285714285714284,1.0,0.0,1.0,0.0,0.2857142857142857,0.7999999999999996,0.6875,0.9722222222222222,0.3214285714285714,1.0,1.0,1.0,0.9740163325909426,0.40000000000000013,1.0,0.9016393442622952
Dahisar (E) 2A,2A,Critical,3,0.2931726907630522,0.39493293591654255,0.1799265605875153,0.6647286821705428,0.38282387190684136,0.6380090497737558,0.7124999999999999,0.6428571428571428,0.7945205479452053,0.19999999999999996,1.0,1.0,1.0,0.6666666666666667,0.6875,0.8055555555555555,0.6428571428571428,0.48148148148148145,1.0,1.0,0.7089829250185595,0.4900000000000002,1.0,0.9016393442622952
Dadar,3,Critical,3,0.12717536813922353,0.12816691505216093,0.0,0.8779069767441862,0.6186317321688501,0.6266968325791855,1.0,0.857142857142857,0.9315068493150684,0.042857142857142816,1.0,0.0,0.2857142857142857,0.7999999999999996,0.875,0.9999999999999999,0.3571428571428571,0.8148148148148149,1.0,1.0,0.9354120267260577,0.40000000000000013,1.0,0.8918032786885248
Mumbai Central,3,Critical,3,0.16331994645247655,0.12220566318926973,0.2093023255813953,0.8197674418604654,0.16593886462882101,0.6244343891402717,0.8125,0.8857142857142857,0.904109589041096,0.057142857142857106,1.0,0.0,0.2857142857142857,0.7333333333333332,0.84375,0.7500000000000001,0.8214285714285712,0.8148148148148149,1.0,1.0,0.9999999999999998,0.40000000000000013,1.0,0.8918032786885248
D.N. Nagar,1,High,2,0.35876840696117807,0.22056631892697465,0.3427172582619339,0.7364341085271321,0.07423580786026202,0.5837104072398192,0.75,0.7428571428571427,0.767123287671233,0.17142857142857137,1.0,1.0,0.21428571428571427,0.7999999999999996,0.5625,0.6388888888888888,0.8928571428571426,0.7777777777777779,0.7208436724565757,1.0,0.19524870081662954,1.0,0.725,0.6622950819672133
DN Nagar,2A,High,2,0.22623828647925032,0.2742175856929955,0.31211750305997543,0.7131782945736435,0.3478893740902475,0.5723981900452491,0.75,0.7428571428571427,0.767123287671233,0.17142857142857137,1.0,1.0,0.21428571428571427,0.5999999999999999,0.78125,0.6666666666666666,0.6428571428571428,0.6666666666666667,0.6935483870967742,1.0,0.21974758723088345,0.3900000000000001,0.75,0.7442622950819673
Dindoshi,7,High,2,0.6599732262382866,0.4396423248882265,0.6560587515299877,0.6124031007751939,0.6899563318777293,0.5497737556561086,0.4750000000000001,0.47142857142857136,0.5205479452054794,0.29999999999999993,0.0,1.0,0.8571428571428571,0.533333333333333,0.34375,0.33333333333333337,0.2142857142857143,0.48148148148148145,0.6339950372208436,1.0,0.24795842613214547,0.2400000000000002,0.375,0.5639344262295083
Kurar,7,High,2,0.7081659973226239,0.4426229508196722,0.6952264381884943,0.5387596899224807,0.5414847161572052,0.5452488687782806,0.4125,0.39999999999999997,0.42465753424657526,0.37142857142857144,0.0,1.0,0.8571428571428571,0.533333333333333,0.25,0.2777777777777778,0.4285714285714284,0.5185185185185186,0.6389578163771712,1.0,0.1722345953971789,0.2400000000000002,0.375,0.560655737704918
Mandapeshwar,2A,High,2,0.6452476572958501,0.5767511177347244,0.5752753977968175,0.5988372093023258,0.6331877729257642,0.5452488687782806,0.4375,0.42857142857142855,0.4657534246575342,0.35,0.0,1.0,0.8571428571428571,0.33333333333333326,0.3125,0.38888888888888884,0.2857142857142856,0.3703703703703704,0.662531017369727,1.0,0.2969561989606533,0.2400000000000002,0.375,0.560655737704918
Aarey JVLR,3,High,2,1.0,1.0,0.9975520195838431,0.3507751937984497,0.4294032023289666,0.5361990950226245,0.0,0.0,0.0,0.9999999999999999,0.0,0.0,0.7142857142857142,0.0,0.0,0.02777777777777779,0.5357142857142856,0.0,0.5682382133995036,1.0,0.2620638455827765,0.15000000000000013,0.375,0.5540983606557377
Devipada,7,High,2,0.9906291834002678,0.7585692995529063,0.9999999999999999,0.5213178294573645,1.0000000000000002,0.5361990950226245,0.16250000000000003,0.11428571428571427,0.136986301369863,0.6,0.0,1.0,0.7142857142857142,0.19999999999999996,0.0,0.0,0.0,0.18518518518518517,0.5831265508684864,1.0,0.2873051224944321,0.2400000000000002,0.375,0.5540983606557377
Churchgate,3,High,2,0.35341365461847385,0.1236959761549925,0.23745410036719702,0.8081395348837211,0.6259097525473072,0.5361990950226245,0.8125,0.8285714285714285,0.8630136986301369,0.08571428571428569,1.0,0.0,0.2857142857142857,0.6666666666666667,0.5625,0.7222222222222222,0.3214285714285714,0.8148148148148149,0.8114143920595533,1.0,0.2657757980697847,0.30000000000000004,0.75,0.7180327868852461
Hutatma Chowk,3,High,2,0.5836680053547524,0.3353204172876304,0.6058751529987759,0.6782945736434111,0.4104803493449782,0.5361990950226245,0.625,0.6428571428571428,0.6575342465753424,0.24285714285714288,0.0,0.0,0.5714285714285714,0.5999999999999999,0.375,0.2777777777777778,0.4999999999999998,0.5925925925925928,0.6997518610421836,1.0,0.27023014105419446,0.15000000000000013,0.375,0.5540983606557377
Rashtriya Udyan,7,High,2,0.994645247657296,0.8822652757078988,0.9632802937576498,0.48062015503875977,0.7918486171761281,0.5361990950226245,0.125,0.0714285714285714,0.1095890410958904,0.6285714285714284,0.0,1.0,0.7142857142857142,0.06666666666666643,0.03125,0.02777777777777779,0.2142857142857143,0.0,0.5781637717121588,1.0,0.26057906458797325,0.2400000000000002,0.375,0.5540983606557377
Ovaripada,7,High,2,0.9852744310575636,0.7973174366616991,0.8922888616891064,0.5155038759689923,0.9446870451237264,0.5361990950226245,0.1875,0.14285714285714285,0.1780821917808219,0.5714285714285714,0.0,1.0,0.7142857142857142,0.06666666666666643,0.0,0.1111111111111111,0.0357142857142857,0.07407407407407407,0.6563275434243176,1.0,0.22494432071269482,0.2400000000000002,0.375,0.5540983606557377
Cuffe Parade,3,High,2,0.7376171352074967,0.4783904619970194,0.6670746634026926,0.550387596899225,0.5633187772925765,0.5361990950226245,0.4375,0.42857142857142855,0.4383561643835616,0.4,0.0,0.0,0.5714285714285714,0.3999999999999997,0.25,0.3055555555555556,0.3928571428571428,0.5185185185185186,0.7295285359801489,1.0,0.2717149220489978,0.15000000000000013,0.375,0.5540983606557377
Nariman Point,3,High,2,0.641231593038822,0.496274217585693,0.5973072215422276,0.5639534883720931,0.07278020378457062,0.5361990950226245,0.5,0.49999999999999994,0.4931506849315068,0.34285714285714286,0.0,0.0,0.5,0.46666666666666656,0.25,0.41666666666666663,0.9285714285714284,0.3703703703703704,0.7357320099255582,1.0,0.3251670378619153,0.15000000000000013,0.375,0.5540983606557377
Goregaon (W),2A,High,2,0.2208835341365462,0.31445603576751124,0.1995104039167687,0.7790697674418606,0.685589519650655,0.5045248868778283,0.8125,0.7857142857142856,0.821917808219178,0.1428571428571428,0.0,1.0,0.9285714285714285,0.6666666666666667,0.75,0.8055555555555555,0.3214285714285714,0.6296296296296295,0.7133995037220844,1.0,0.22271714922048996,0.2400000000000002,0.375,0.5311475409836066
Eksar,2A,High,2,0.5408299866131192,0.5081967213114753,0.6707466340269276,0.5193798449612405,0.5938864628820961,0.48416289592760187,0.4125,0.39999999999999997,0.4383561643835616,0.37142857142857144,0.0,1.0,0.8571428571428571,0.3999999999999997,0.46875,0.2777777777777778,0.3928571428571428,0.44444444444444436,0.6141439205955335,1.0,0.340014847809948,0.2400000000000002,0.375,0.5180327868852459
Poisar,7,High,2,0.7001338688085678,0.3025335320417287,0.7221542227662178,0.6027131782945737,0.3231441048034935,0.4773755656108598,0.4625,0.457142857142857,0.4931506849315068,0.3285714285714285,0.0,1.0,0.8571428571428571,0.3999999999999997,0.3125,0.2777777777777778,0.6428571428571428,0.6666666666666667,0.6029776674937966,1.0,0.30734966592427615,0.2400000000000002,0.375,0.5114754098360657
Vidhan Bhavan,3,High,2,0.5783132530120482,0.35022354694485847,0.5691554467564258,0.6957364341085274,0.10771470160116453,0.47285067873303177,0.5625,0.5714285714285714,0.589041095890411,0.2857142857142857,0.0,0.0,0.5714285714285714,0.533333333333333,0.34375,0.44444444444444453,0.8214285714285712,0.6296296296296295,0.6650124069478907,1.0,0.3853006681514476,0.15000000000000013,0.375,0.5081967213114755
Goregaon (E),7,High,2,0.3721552878179384,0.32488822652757077,0.28641370869033045,0.7751937984496126,0.777292576419214,0.47058823529411775,0.75,0.7428571428571427,0.767123287671233,0.17142857142857137,0.0,1.0,0.7857142857142857,0.533333333333333,0.59375,0.6944444444444445,0.1428571428571428,0.6296296296296295,0.6898263027295286,1.0,0.2620638455827765,0.2400000000000002,0.375,0.5049180327868854
Anand Nagar,2A,High,2,0.642570281124498,0.4798807749627423,0.5716034271725825,0.5620155038759692,0.43959243085880645,0.4660633484162897,0.5,0.49999999999999994,0.5205479452054794,0.29999999999999993,0.0,1.0,0.8571428571428571,0.3999999999999997,0.28125,0.44444444444444453,0.5714285714285714,0.44444444444444436,0.6836228287841191,1.0,0.3496659242761692,0.2400000000000002,0.375,0.5016393442622953
Shimpoli,2A,High,2,0.5247657295850067,0.39940387481371087,0.6548347613219093,0.5620155038759692,0.6972343522561864,0.46380090497737547,0.5,0.49999999999999994,0.5205479452054794,0.29999999999999993,0.0,1.0,0.8571428571428571,0.533333333333333,0.4375,0.3055555555555556,0.2857142857142856,0.5555555555555556,0.596774193548387,1.0,0.1878247958426132,0.2400000000000002,0.375,0.5016393442622953
Dahanukarwadi,2A,High,2,0.6572958500669345,0.4277198211624442,0.5373317013463892,0.6065891472868218,0.438136826783115,0.4524886877828054,0.5,0.4857142857142856,0.5205479452054794,0.30714285714285716,0.0,1.0,0.8571428571428571,0.3999999999999997,0.3125,0.44444444444444453,0.5714285714285714,0.5185185185185186,0.6116625310173698,1.0,0.2568671121009651,0.2400000000000002,0.375,0.4918032786885247
Oshiwara,2A,High,2,0.5903614457831327,0.2593144560357675,0.675642594859241,0.61046511627907,0.6128093158660843,0.4502262443438916,0.5875,0.5999999999999999,0.6164383561643835,0.2571428571428571,0.0,1.0,0.8571428571428571,0.6666666666666667,0.34375,0.25,0.3214285714285714,0.7037037037037037,0.6253101736972704,1.0,0.3192279138827022,0.2400000000000002,0.375,0.4918032786885247
Mahalaxmi,3,High,2,0.48058902275769744,0.25782414307004464,0.4651162790697674,0.6666666666666669,0.6011644832605532,0.4411764705882353,0.6625000000000001,0.6285714285714286,0.6301369863013698,0.22857142857142854,0.0,0.0,0.42857142857142855,0.533333333333333,0.46875,0.5555555555555556,0.3571428571428571,0.7037037037037037,0.6377171215880892,1.0,0.2962138084632516,0.15000000000000013,0.375,0.48524590163934445
Jogeshwari (E),7,High,2,0.37884872824631854,0.2995529061102832,0.3892288861689106,0.7228682170542636,0.4657933042212519,0.4343891402714932,0.6875,0.7142857142857142,0.726027397260274,0.19999999999999996,0.0,1.0,0.7857142857142857,0.7333333333333332,0.59375,0.5833333333333334,0.4999999999999998,0.7037037037037037,0.6426799007444168,1.0,0.34669636228656264,0.2400000000000002,0.375,0.478688524590164
Akurli,7,High,2,0.5903614457831327,0.5007451564828614,0.6976744186046511,0.5058139534883721,0.11790393013100442,0.42307692307692313,0.4375,0.42857142857142855,0.452054794520548,0.34285714285714286,0.0,1.0,0.8571428571428571,0.46666666666666656,0.40625,0.2777777777777778,0.857142857142857,0.44444444444444436,0.6898263027295286,1.0,0.18411284335560502,0.2400000000000002,0.375,0.47213114754098373
Kalbadevi,3,High,2,0.38688085676037487,0.09388971684053649,0.3402692778457772,0.7848837209302327,0.27947598253275113,0.4208144796380091,0.8374999999999999,0.7428571428571427,0.7945205479452053,0.15714285714285714,0.0,0.0,0.14285714285714285,0.6666666666666667,0.5625,0.6111111111111112,0.6785714285714284,0.925925925925926,0.6712158808933002,1.0,0.1796585003711952,0.15000000000000013,0.375,0.4688524590163936
Jagruti Nagar,1,High,2,0.6987951807228916,0.3532041728763041,0.5275397796817625,0.5794573643410854,0.25036390101892286,0.40271493212669696,0.5,0.49999999999999994,0.5205479452054794,0.3285714285714285,0.0,1.0,0.8571428571428571,0.46666666666666656,0.28125,0.44444444444444453,0.7857142857142856,0.6296296296296295,0.6799007444168734,1.0,0.2130660727542687,0.8600000000000003,0.375,0.41639344262295097
Magathane,7,High,2,0.5970548862115128,0.39493293591654255,0.44430844553243565,0.5988372093023258,0.5283842794759825,0.3936651583710409,0.5,0.49999999999999994,0.5205479452054794,0.2857142857142857,0.0,1.0,0.8571428571428571,0.3999999999999997,0.34375,0.5833333333333334,0.4642857142857142,0.5185185185185186,0.5930521091811414,1.0,0.2984409799554565,0.2400000000000002,0.375,0.45245901639344277
Valnai-Meeth Chowky,2A,High,2,0.5729585006693441,0.39940387481371087,0.5789473684210525,0.6414728682170543,0.21979621542940325,0.3846153846153846,0.4625,0.457142857142857,0.47945205479452047,0.33571428571428574,0.0,1.0,0.8571428571428571,0.3999999999999997,0.40625,0.44444444444444453,0.75,0.5555555555555556,0.6724565756823822,1.0,0.31477357089829244,0.2400000000000002,0.375,0.4426229508196722
Bangur Nagar,2A,High,2,0.5876840696117804,0.32488822652757077,0.5312117503059975,0.5910852713178296,0.4599708879184861,0.3846153846153846,0.5375,0.5428571428571427,0.5616438356164384,0.2928571428571428,0.0,1.0,0.8571428571428571,0.533333333333333,0.3125,0.38888888888888884,0.4999999999999998,0.7037037037037037,0.6327543424317617,1.0,0.17743132887899032,0.2400000000000002,0.375,0.4426229508196722
Sitaladevi,3,High,2,0.4591700133868809,0.3651266766020864,0.5838433292533659,0.6182170542635661,0.5473071324599708,0.3778280542986425,0.5875,0.5714285714285714,0.589041095890411,0.27142857142857135,0.0,0.0,0.8571428571428571,0.46666666666666656,0.5,0.38888888888888884,0.3928571428571428,0.5555555555555556,0.6451612903225805,1.0,0.3556050482553823,0.15000000000000013,0.375,0.43934426229508206
Dharavi,3,High,2,0.3413654618473896,0.19374068554396429,0.39412484700122397,0.8158914728682171,0.3027656477438137,0.3733031674208145,0.9375,0.7142857142857142,0.726027397260274,0.15714285714285714,0.0,0.0,0.7857142857142857,0.6666666666666667,0.625,0.5833333333333334,0.6785714285714284,0.8518518518518519,0.6538461538461537,1.0,0.3333333333333333,0.15000000000000013,0.375,0.43606557377049193
Kandivali (E),7,High,2,0.32797858099062915,0.2235469448584203,0.2705018359853121,0.7325581395348838,0.5851528384279476,0.3642533936651584,0.7875000000000001,0.7857142857142856,0.821917808219178,0.1428571428571428,0.0,1.0,0.7857142857142857,0.6666666666666667,0.6875,0.6944444444444445,0.3571428571428571,0.8148148148148149,0.6811414392059554,1.0,0.28433556050482556,0.2400000000000002,0.375,0.42950819672131146
Acharya Atre Chowk,3,High,2,0.5863453815261044,0.3591654247391953,0.4369645042839657,0.5968992248062017,0.40611353711790393,0.3506787330316743,0.625,0.5999999999999999,0.589041095890411,0.2571428571428571,0.0,0.0,0.8571428571428571,0.5999999999999999,0.375,0.5277777777777778,0.5357142857142856,0.6296296296296295,0.6327543424317617,1.0,0.2962138084632516,0.15000000000000013,0.375,0.4196721311475411
Chakala (JB Nagar),1,High,2,0.3614457831325302,0.38152011922503726,0.40758873929008566,0.6802325581395349,0.26055312954876275,0.34615384615384626,0.6625000000000001,0.6428571428571428,0.684931506849315,0.23571428571428565,0.0,1.0,0.42857142857142855,0.5999999999999999,0.625,0.5555555555555556,0.6785714285714284,0.5555555555555556,0.6923076923076923,1.0,0.29547141796584997,0.8600000000000003,0.375,0.3737704918032787
Malad (W),2A,High,2,0.09370816599732262,0.1549925484351714,0.11260709914320685,0.8178294573643413,0.5414847161572052,0.3416289592760182,0.875,0.857142857142857,0.8630136986301369,0.09999999999999998,0.0,1.0,0.9285714285714285,0.5999999999999999,0.90625,0.888888888888889,0.3928571428571428,0.7407407407407409,0.71712158808933,1.0,0.2123236822568671,0.2400000000000002,0.375,0.4131147540983606
Kandarpada,2A,High,2,0.5836680053547524,0.41877794336810736,0.4614443084455324,0.4883720930232559,0.31877729257641924,0.3393665158371042,0.4625,0.457142857142857,0.4931506849315068,0.3285714285714285,0.0,1.0,0.8571428571428571,0.5999999999999999,0.375,0.5833333333333334,0.607142857142857,0.5185185185185186,0.630272952853598,1.0,0.24870081662954707,0.2400000000000002,0.375,0.4098360655737705
Lower Malad,2A,High,2,0.5635876840696118,0.46795827123695977,0.4638922888616891,0.5678294573643412,0.14847161572052403,0.33257918552036214,0.5625,0.5714285714285714,0.589041095890411,0.27142857142857135,0.0,1.0,0.8571428571428571,0.6666666666666667,0.375,0.5277777777777778,0.857142857142857,0.44444444444444436,0.5781637717121588,1.0,0.38381588715664433,0.2400000000000002,0.375,0.4065573770491804
Siddhivinayak,3,Medium,1,0.35876840696117807,0.24143070044709392,0.45532435740514066,0.742248062015504,0.3245997088791848,0.3167420814479638,0.6875,0.7857142857142856,0.6575342465753424,0.17142857142857137,0.0,0.0,0.6428571428571428,0.5999999999999999,0.625,0.5,0.6785714285714284,0.7407407407407409,0.4342431761786601,0.5,0.04256372185102698,0.050000000000000044,0.125,0.2852459016393444
Versova,1,Medium,1,0.3775100401606425,0.2921013412816692,0.5556915544675642,0.744186046511628,0.4410480349344978,0.31221719457013597,0.625,0.6428571428571428,0.6575342465753424,0.24285714285714288,0.0,1.0,0.8571428571428571,0.533333333333333,0.65625,0.5,0.5357142857142856,0.7407407407407409,0.3759305210918114,0.5,0.07819846572630537,0.7600000000000002,0.125,0.26885245901639354
Saki Naka,1,Medium,1,0.45515394912985274,0.37555886736214616,0.4761321909424724,0.6453488372093025,0.3711790393013101,0.31221719457013597,0.5875,0.5999999999999999,0.6164383561643835,0.2571428571428571,0.0,1.0,0.8571428571428571,0.533333333333333,0.5625,0.4722222222222223,0.607142857142857,0.5185185185185186,0.413151364764268,0.5,0.07720861172976987,0.7600000000000002,0.125,0.26885245901639354
Asalpha,1,Medium,1,0.5957161981258368,0.3785394932935917,0.507955936352509,0.5310077519379847,0.06404657933042218,0.30995475113122173,0.5375,0.5428571428571427,0.5616438356164384,0.29999999999999993,0.0,1.0,0.8571428571428571,0.5999999999999999,0.40625,0.44444444444444453,0.9285714285714284,0.5555555555555556,0.4267990074441687,0.5,0.10690423162583518,0.7600000000000002,0.125,0.26885245901639354
WEH,1,Medium,1,0.2784471218206158,0.3919523099850969,0.40758873929008566,0.5794573643410854,0.36098981077147013,0.3076923076923077,0.6875,0.6857142857142855,0.7123287671232876,0.2142857142857143,0.0,1.0,0.42857142857142855,0.5999999999999999,0.75,0.5555555555555556,0.5714285714285714,0.48148148148148145,0.49751861042183615,0.5,0.10789408562237071,0.7600000000000002,0.125,0.2655737704918034
Azad Nagar,1,Medium,1,0.6104417670682731,0.4590163934426229,0.4124847001223989,0.5251937984496124,0.04949053857350805,0.3054298642533937,0.5625,0.5714285714285714,0.589041095890411,0.27142857142857135,0.0,1.0,0.8571428571428571,0.6666666666666667,0.34375,0.5833333333333334,0.9285714285714284,0.44444444444444436,0.39578163771712155,0.5,0.05345211581291758,0.7600000000000002,0.125,0.2655737704918034
Lower Oshiwara,2A,Medium,1,0.5046854082998661,0.3174366616989568,0.5471236230110158,0.6279069767441862,0.17467248908296945,0.3031674208144799,0.5375,0.5428571428571427,0.5616438356164384,0.2928571428571428,0.0,1.0,0.8571428571428571,0.3999999999999997,0.5,0.41666666666666663,0.8214285714285712,0.5925925925925928,0.40074441687344914,0.5,0.10888393961890619,0.14000000000000012,0.125,0.2754098360655739
Girgaon,3,Medium,1,0.45247657295850063,0.36959761549925485,0.41860465116279066,0.6317829457364342,0.16011644832605532,0.2466063348416292,0.6625000000000001,0.6857142857142855,0.684931506849315,0.22857142857142854,0.0,0.0,0.8571428571428571,0.6666666666666667,0.5,0.5833333333333334,0.7857142857142856,0.5925925925925928,0.4615384615384614,0.5,0.15045780747339763,0.050000000000000044,0.125,0.23606557377049187
Santacruz,3,Medium,1,0.20615796519410978,0.19970193740685538,0.28396572827417377,0.7209302325581396,0.20524017467248912,0.23076923076923084,0.7875000000000001,0.7857142857142856,0.7945205479452053,0.11428571428571421,0.0,0.0,0.7857142857142857,0.6666666666666667,0.78125,0.6944444444444445,0.75,0.8148148148148149,0.4429280397022333,0.5,0.1187824795842613,0.050000000000000044,0.125,0.22295081967213126
Kandivali (W),2A,Medium,1,0.1606425702811245,0.2533532041728763,0.233782129742962,0.6240310077519381,0.23435225618631733,0.1945701357466063,0.8125,0.8285714285714285,0.8493150684931505,0.11428571428571421,0.0,1.0,0.7857142857142857,0.7999999999999996,0.8125,0.7222222222222222,0.7142857142857142,0.6296296296296295,0.46277915632754335,0.5,0.09700569166048009,0.14000000000000012,0.125,0.19672131147540983
Borivali (W),2A,Medium,1,0.1405622489959839,0.01341281669150518,0.17747858017135862,0.8217054263565894,0.43377001455604075,0.16289592760181004,0.8374999999999999,0.8857142857142857,0.904109589041096,0.08571428571428569,0.0,1.0,0.7857142857142857,0.7333333333333332,0.8125,0.7777777777777778,0.4999999999999998,0.962962962962963,0.40942928039702237,0.5,0.13066072754268745,0.14000000000000012,0.125,0.17377049180327875
Grant Road,3,Medium,1,0.38152610441767076,0.3353204172876304,0.3537331701346389,0.6046511627906977,0.10334788937409028,0.16063348416289602,0.6875,0.7142857142857142,0.726027397260274,0.19999999999999996,0.0,0.0,0.8571428571428571,0.6666666666666667,0.5625,0.6111111111111112,0.8928571428571426,0.6296296296296295,0.4181141439205956,0.5,0.052462261816382076,0.050000000000000044,0.125,0.17377049180327875
Borivali (E),7,Medium,1,0.20749665327978584,0.10283159463487335,0.1982864137086903,0.800387596899225,0.0,0.1470588235294118,0.8125,0.857142857142857,0.8630136986301369,0.09999999999999998,0.0,1.0,0.7857142857142857,0.7333333333333332,0.78125,0.7500000000000001,1.0,0.8888888888888891,0.47394540942928026,0.5,0.07126948775055678,0.14000000000000012,0.125,0.16393442622950816
CSMIA T1,3,Medium,1,0.021419009370816533,0.2175856929955291,0.5764993880048959,0.10465116279069775,0.47307132459970896,0.1334841628959278,0.0625,1.0,0.5205479452054794,0.028571428571428525,0.0,0.0,0.0,0.7999999999999996,0.9375,0.36111111111111105,0.4642857142857142,0.7037037037037037,0.48387096774193544,0.5,0.13066072754268743,0.050000000000000044,0.125,0.1540983606557378
Airport Road,1,Medium,1,0.11512717536813921,0.15946348733233984,0.5703794369645042,0.31976744186046524,0.14410480349344984,0.07239819004524894,0.375,0.857142857142857,0.5205479452054794,0.1428571428571428,0.0,1.0,0.07142857142857142,0.8666666666666665,0.90625,0.41666666666666663,0.8214285714285712,0.8888888888888891,0.45409429280397023,0.5,0.08017817371937641,0.7600000000000002,0.125,0.09508196721311479
Sahar Road,3,Medium,1,0.08701472556894241,0.1236959761549925,0.5434516523867808,0.0426356589147287,0.2576419213973799,0.0678733031674208,0.03749999999999998,0.9285714285714284,0.452054794520548,0.057142857142857106,0.0,0.0,0.0,0.8666666666666665,0.9375,0.44444444444444453,0.75,0.8148148148148149,0.4553349875930522,0.5,0.09502598366740905,0.050000000000000044,0.125,0.10491803278688527
CSMIA T2,3,Low,0,0.0,0.007451564828613977,0.6585067319461443,0.0,0.14119359534206694,0.0,0.0625,1.0,0.5205479452054794,0.028571428571428525,0.0,0.0,0.0,0.9999999999999998,1.0,0.33333333333333337,0.857142857142857,1.0,0.0,0.0,0.0,0.0,0.0,0.0
