station_name,line,severity_label,severity_encoded,auto_problem_score,walking_problem_score,bus_problem_score,crowding_score,safety_score,lmpi_score,pop_density,auto_supply_score,bus_connectivity_score,walk_dist_m,is_interchange,is_elevated,role_encoded,survey_satisfaction,survey_auto_avail,survey_bus_freq,survey_safety,survey_walkability,auto_walk_combined,transit_gap_score,interchange_pressure,dissatisfaction_idx,infra_gap,accessibility_score,population_pressure,lmpi_rank_in_line,lmpi_percentile,is_critical_auto,is_critical_walk,is_critical_bus,is_high_population,is_multi_problem,rec_trains_peak,freq_delta_peak,freq_gap_ratio,freq_impact,best_impact,num_interventions
BKC,3,Critical,3,0.7670682730923697,0.5678092399403873,0.460220318237454,1.0,0.36390101892285304,1.0,0.875,0.42857142857142855,0.589041095890411,0.48571428571428565,0.0,0.0,0.5,0.2666666666666664,0.15625,0.5277777777777778,0.607142857142857,0.4074074074074075,0.5419421659669953,0.5821404226312203,0.0,0.6113861386138614,0.47681159420289854,0.0,0.9630931458699473,0.0,1.0,1.0,1.0,0.0,1.0,1.0,0.25,0.625,0.6993006993006994,1.0,1.0,1.0
SEEPZ,3,Critical,3,0.7483266398929049,0.38301043219076014,0.7698898408812729,0.7383720930232559,0.710334788937409,0.9615384615384615,0.5625,0.28571428571428564,0.3835616438356164,0.3857142857142857,0.0,0.0,0.3571428571428571,0.33333333333333326,0.28125,0.16666666666666669,0.2857142857142856,0.5555555555555556,0.4216737454884974,0.7450579413769598,0.0,0.6980198019801981,0.5869565217391304,0.038461538461538436,0.5202108963093146,0.047619047619047616,0.9858012170385395,1.0,0.0,1.0,0.0,1.0,0.25,0.625,0.6993006993006994,0.9704918032786884,1.0,1.0
MIDC,3,Critical,3,0.9089692101740294,0.49478390461997024,0.7197062423500611,0.7364341085271321,0.15574963609898107,0.9524886877828056,0.5375,0.2571428571428571,0.3561643835616438,0.41428571428571426,0.0,0.0,0.3571428571428571,0.33333333333333326,0.03125,0.2777777777777778,0.8214285714285712,0.48148148148148145,0.5766102120362259,0.7989093387866395,0.0,0.6930693069306931,0.6159420289855072,0.04751131221719457,0.49912126537785595,0.09523809523809523,0.9705882352941176,1.0,1.0,1.0,0.0,1.0,0.25,0.625,0.6993006993006994,0.9639344262295082,0.977667493796526,1.0
Worli,3,Critical,3,0.5207496653279786,0.3845007451564828,0.4883720930232558,0.8081395348837211,0.1688500727802038,0.7556561085972853,0.7124999999999999,0.6428571428571428,0.6575342465753424,0.2142857142857143,0.0,0.0,0.5,0.6666666666666667,0.46875,0.5,0.7142857142857142,0.5555555555555556,0.31128635153886663,0.4723926380368098,0.0,0.3589108910891089,0.29565217391304344,0.2443438914027149,0.680140597539543,0.14285714285714285,0.9563894523326572,0.0,0.0,0.0,1.0,0.0,0.25,0.625,0.6993006993006994,0.8229508196721311,1.0,1.0
Gundavali,7,Critical,3,0.4257028112449799,0.32488822652757077,0.4296205630354957,0.5717054263565894,0.6186317321688501,0.7488687782805432,0.625,0.6428571428571428,0.6575342465753424,0.24285714285714288,1.0,1.0,0.21428571428571427,0.6666666666666667,0.53125,0.5,0.2857142857142856,0.5925925925925928,0.24093447485933261,0.39127471029311517,0.7287066246056783,0.3886138613861386,0.30289855072463767,0.25113122171945707,0.4692442882249561,0.0,0.9411764705882353,0.0,0.0,0.0,0.0,0.0,0.4900000000000002,1.0,0.9370629370629372,0.980327868852459,0.9727047146401986,1.0
Marol Naka,3,Critical,3,0.4872824631860777,0.16989567809239936,0.39657282741738065,0.7713178294573645,0.215429403202329,0.6809954751131224,0.75,0.6428571428571428,0.726027397260274,0.1428571428571428,1.0,0.0,0.21428571428571427,0.6666666666666667,0.40625,0.5555555555555556,0.75,0.8148148148148149,0.20118046831655412,0.40422631220177235,0.891167192429022,0.3242574257425743,0.25217391304347825,0.31900452488687786,0.687170474516696,0.19047619047619047,0.9269776876267749,0.0,0.0,0.0,1.0,0.0,0.40000000000000013,1.0,1.0,0.9311475409836065,1.0,1.0
Ghatkopar,1,Critical,3,0.20615796519410978,0.1743666169895679,0.13953488372093023,0.9050387596899226,0.2882096069868996,0.6764705882352942,1.0,0.9285714285714284,1.0,0.0,1.0,1.0,0.2857142857142857,0.7999999999999996,0.71875,0.8055555555555555,0.6785714285714284,0.7777777777777779,0.10041722235711281,0.11792774369461484,0.9999999999999999,0.09158415841584167,0.0,0.3235294117647058,1.0000000000000002,0.0,0.9117647058823529,0.0,0.0,0.0,1.0,0.0,1.0,0.725,0.506993006993007,0.7311475409836066,1.0,1.0
Dahisar (E),7,Critical,3,0.3493975903614458,0.2682563338301043,0.22521419828641367,0.7732558139534885,0.455604075691412,0.6742081447963801,0.7124999999999999,0.6428571428571428,0.7945205479452053,0.19999999999999996,1.0,1.0,1.0,0.533333333333333,0.625,0.7777777777777778,0.5357142857142856,0.7037037037037037,0.18615483324594778,0.2385821404226312,0.8927444794952681,0.2376237623762376,0.24202898550724639,0.3257918552036198,0.6590509666080844,0.047619047619047616,0.8975659229208925,0.0,0.0,0.0,1.0,0.0,0.4900000000000002,1.0,0.9370629370629372,0.9278688524590164,1.0,1.0
Andheri,1,Critical,3,0.17670682730923687,0.15648286140089418,0.10281517747858013,0.8759689922480621,0.38864628820960695,0.656108597285068,1.0,0.8857142857142857,0.9589041095890409,0.01428571428571429,1.0,1.0,0.2857142857142857,0.7999999999999996,0.78125,0.861111111111111,0.5714285714285714,0.7777777777777779,0.0851100765591882,0.08248125426039532,0.9763406940063091,0.061881188118811936,0.03623188405797101,0.3438914027149322,0.9753954305799649,0.047619047619047616,0.8823529411764706,0.0,0.0,0.0,1.0,0.0,1.0,0.725,0.506993006993007,0.714754098360656,1.0,1.0
Marol Naka L1,1,Critical,3,0.4002677376171352,0.2622950819672132,0.3782129742962056,0.7635658914728684,0.16593886462882101,0.6515837104072397,0.75,0.6428571428571428,0.726027397260274,0.1428571428571428,1.0,1.0,0.21428571428571427,0.7333333333333332,0.53125,0.6111111111111112,0.8214285714285712,0.6666666666666667,0.2052506442490291,0.34969325153374237,0.8848580441640378,0.24752475247524752,0.25217391304347825,0.3484162895927601,0.6818980667838314,0.09523809523809523,0.8681541582150102,0.0,0.0,0.0,1.0,0.0,1.0,0.725,0.506993006993007,0.7114754098360658,0.9640198511166254,1.0
CSMT,3,Critical,3,0.2476572958500669,0.0,0.018359853121175024,0.8527131782945739,0.5997088791848617,0.6402714932126696,0.9625000000000001,0.9285714285714284,1.0,0.0,1.0,0.0,0.2857142857142857,0.7999999999999996,0.6875,0.9722222222222222,0.3214285714285714,1.0,0.06397917758986935,0.07157464212678938,0.9574132492113565,0.06435643564356441,0.0,0.3597285067873302,0.9226713532513183,0.23809523809523808,0.8529411764705882,0.0,0.0,0.0,1.0,0.0,0.40000000000000013,1.0,1.0,0.9016393442622952,1.0,1.0
Dahisar (E) 2A,2A,Critical,3,0.2931726907630522,0.39493293591654255,0.1799265605875153,0.6647286821705428,0.38282387190684136,0.6380090497737558,0.7124999999999999,0.6428571428571428,0.7945205479452053,0.19999999999999996,1.0,1.0,1.0,0.6666666666666667,0.6875,0.8055555555555555,0.6428571428571428,0.48148148148148145,0.20338563568054635,0.18473074301295156,0.804416403785489,0.18316831683168322,0.24202898550724639,0.36199095022624433,0.5869947275922671,0.0,0.8387423935091277,0.0,0.0,0.0,1.0,0.0,0.4900000000000002,1.0,0.9370629370629372,0.9016393442622952,1.0,1.0
Dadar,3,Critical,3,0.12717536813922353,0.12816691505216093,0.0,0.8779069767441862,0.6186317321688501,0.6266968325791855,1.0,0.857142857142857,0.9315068493150684,0.042857142857142816,1.0,0.0,0.2857142857142857,0.7999999999999996,0.875,0.9999999999999999,0.3571428571428571,0.8148148148148149,0.06115937847123254,0.0,0.9779179810725551,0.0,0.06521739130434784,0.37330316742081443,0.977152899824253,0.2857142857142857,0.8235294117647058,0.0,0.0,0.0,1.0,0.0,0.40000000000000013,1.0,1.0,0.8918032786885248,1.0,1.0
Mumbai Central,3,Critical,3,0.16331994645247655,0.12220566318926973,0.2093023255813953,0.8197674418604654,0.16593886462882101,0.6244343891402717,0.8125,0.8857142857142857,0.904109589041096,0.057142857142857106,1.0,0.0,0.2857142857142857,0.7333333333333332,0.84375,0.7500000000000001,0.8214285714285712,0.8148148148148149,0.07191543417751364,0.13496932515337423,0.9305993690851735,0.054455445544554504,0.06666666666666671,0.37556561085972856,0.7715289982425307,0.3333333333333333,0.8093306288032455,0.0,0.0,0.0,1.0,0.0,0.40000000000000013,1.0,1.0,0.8918032786885248,1.0,1.0
D.N. Nagar,1,High,2,0.35876840696117807,0.22056631892697465,0.3427172582619339,0.7364341085271321,0.07423580786026202,0.5837104072398192,0.75,0.7428571428571427,0.767123287671233,0.17142857142857137,1.0,1.0,0.21428571428571427,0.7999999999999996,0.5625,0.6388888888888888,0.8928571428571426,0.7777777777777779,0.1728675269165309,0.30879345603271974,0.862776025236593,0.18316831683168322,0.20434782608695645,0.4162895927601809,0.6625659050966608,0.14285714285714285,0.7941176470588236,0.0,0.0,0.0,1.0,0.0,1.0,0.725,0.506993006993007,0.6622950819672133,0.7208436724565757,1.0
DN Nagar,2A,High,2,0.22623828647925032,0.2742175856929955,0.31211750305997543,0.7131782945736435,0.3478893740902475,0.5723981900452491,0.75,0.7428571428571427,0.767123287671233,0.17142857142857137,1.0,1.0,0.21428571428571427,0.5999999999999999,0.78125,0.6666666666666666,0.6428571428571428,0.6666666666666667,0.1360459237833165,0.22426721199727334,0.8438485804416404,0.18811881188118817,0.20434782608695645,0.4276018099547511,0.6467486818980669,0.047619047619047616,0.7799188640973631,0.0,0.0,0.0,1.0,0.0,0.3900000000000001,0.75,0.7552447552447553,0.7442622950819673,0.6935483870967742,1.0
Dindoshi,7,High,2,0.6599732262382866,0.4396423248882265,0.6560587515299877,0.6124031007751939,0.6899563318777293,0.5497737556561086,0.4750000000000001,0.47142857142857136,0.5205479452054794,0.29999999999999993,0.0,1.0,0.8571428571428571,0.533333333333333,0.34375,0.33333333333333337,0.2142857142857143,0.48148148148148145,0.4090409516000953,0.6366734832992502,0.0,0.5816831683168319,0.4391304347826087,0.4502262443438913,0.3919156414762742,0.09523809523809523,0.7647058823529412,1.0,0.0,1.0,0.0,1.0,0.2400000000000002,0.375,0.4230769230769231,0.5639344262295083,0.6339950372208436,1.0
Kurar,7,High,2,0.7081659973226239,0.4426229508196722,0.6952264381884943,0.5387596899224807,0.5414847161572052,0.5452488687782806,0.4125,0.39999999999999997,0.42465753424657526,0.37142857142857144,0.0,1.0,0.8571428571428571,0.533333333333333,0.25,0.2777777777777778,0.4285714285714284,0.5185185185185186,0.4358548483771495,0.6830265848670756,0.0,0.6039603960396039,0.5202898550724636,0.45475113122171945,0.31810193321616875,0.14285714285714285,0.742393509127789,1.0,0.0,1.0,0.0,1.0,0.2400000000000002,0.375,0.4230769230769231,0.560655737704918,0.6389578163771712,1.0
Mandapeshwar,2A,High,2,0.6452476572958501,0.5767511177347244,0.5752753977968175,0.5988372093023258,0.6331877729257642,0.5452488687782806,0.4375,0.42857142857142855,0.4657534246575342,0.35,0.0,1.0,0.8571428571428571,0.33333333333333326,0.3125,0.38888888888888884,0.2857142857142856,0.3703703703703704,0.47398899527648464,0.5841854124062713,0.0,0.6311881188118812,0.48840579710144927,0.45475113122171945,0.3602811950790861,0.09523809523809523,0.742393509127789,1.0,1.0,0.0,0.0,1.0,0.2400000000000002,0.375,0.4230769230769231,0.560655737704918,0.662531017369727,1.0
Aarey JVLR,3,High,2,1.0,1.0,0.9975520195838431,0.3507751937984497,0.4294032023289666,0.5361990950226245,0.0,0.0,0.0,0.9999999999999999,0.0,0.0,0.7142857142857142,0.0,0.0,0.02777777777777779,0.5357142857142856,0.0,1.0,1.0,0.0,0.9851485148514852,0.9999999999999999,0.4638009049773755,0.03339191564147627,0.38095238095238093,0.6693711967545639,1.0,1.0,1.0,0.0,1.0,0.15000000000000013,0.375,0.4545454545454546,0.5540983606557377,0.5682382133995036,1.0
Devipada,7,High,2,0.9906291834002678,0.7585692995529063,0.9999999999999999,0.5213178294573645,1.0000000000000002,0.5361990950226245,0.16250000000000003,0.11428571428571427,0.136986301369863,0.6,0.0,1.0,0.7142857142857142,0.19999999999999996,0.0,0.0,0.0,0.18518518518518517,0.815119002795167,0.9965916837082482,0.0,0.9925742574257425,0.8014492753623187,0.4638009049773755,0.156414762741652,0.19047619047619047,0.6693711967545639,1.0,1.0,1.0,0.0,1.0,0.2400000000000002,0.375,0.4230769230769231,0.5540983606557377,0.5831265508684864,1.0
Churchgate,3,High,2,0.35341365461847385,0.1236959761549925,0.23745410036719702,0.8081395348837211,0.6259097525473072,0.5361990950226245,0.8125,0.8285714285714285,0.8630136986301369,0.08571428571428569,1.0,0.0,0.2857142857142857,0.6666666666666667,0.5625,0.7222222222222222,0.3214285714285714,0.8148148148148149,0.13607524781741212,0.24744376278118613,0.9211356466876971,0.2623762376237624,0.11159420289855071,0.4638009049773755,0.7627416520210898,0.38095238095238093,0.6693711967545639,0.0,0.0,0.0,1.0,0.0,0.30000000000000004,0.75,0.8076923076923078,0.7180327868852461,0.8114143920595533,1.0
Hutatma Chowk,3,High,2,0.5836680053547524,0.3353204172876304,0.6058751529987759,0.6782945736434111,0.4104803493449782,0.5361990950226245,0.625,0.6428571428571428,0.6575342465753424,0.24285714285714288,0.0,0.0,0.5714285714285714,0.5999999999999999,0.375,0.2777777777777778,0.4999999999999998,0.5925925925925928,0.3177786926876416,0.5698704839809134,0.0,0.5173267326732672,0.30289855072463767,0.4638009049773755,0.5325131810193322,0.38095238095238093,0.6693711967545639,1.0,0.0,1.0,0.0,1.0,0.15000000000000013,0.375,0.4545454545454546,0.5540983606557377,0.6997518610421836,1.0
Rashtriya Udyan,7,High,2,0.994645247657296,0.8822652757078988,0.9632802937576498,0.48062015503875977,0.7918486171761281,0.5361990950226245,0.125,0.0714285714285714,0.1095890410958904,0.6285714285714284,0.0,1.0,0.7142857142857142,0.06666666666666643,0.03125,0.02777777777777779,0.2142857142857143,0.0,0.908896090871663,0.9781867757327882,0.0,1.0,0.8362318840579709,0.4638009049773755,0.12478031634446397,0.19047619047619047,0.6693711967545639,1.0,1.0,1.0,0.0,1.0,0.2400000000000002,0.375,0.4230769230769231,0.5540983606557377,0.5781637717121588,1.0
Ovaripada,7,High,2,0.9852744310575636,0.7973174366616991,0.8922888616891064,0.5155038759689923,0.9446870451237264,0.5361990950226245,0.1875,0.14285714285714285,0.1780821917808219,0.5714285714285714,0.0,1.0,0.7142857142857142,0.06666666666666643,0.0,0.1111111111111111,0.0357142857142857,0.07407407407407407,0.8395940146127527,0.9338786639400138,0.0,0.9975247524752476,0.7681159420289855,0.4638009049773755,0.17047451669595787,0.19047619047619047,0.6693711967545639,1.0,1.0,1.0,0.0,1.0,0.2400000000000002,0.375,0.4230769230769231,0.5540983606557377,0.6563275434243176,1.0
Cuffe Parade,3,High,2,0.7376171352074967,0.4783904619970194,0.6670746634026926,0.550387596899225,0.5633187772925765,0.5361990950226245,0.4375,0.42857142857142855,0.4383561643835616,0.4,0.0,0.0,0.5714285714285714,0.3999999999999997,0.25,0.3055555555555556,0.3928571428571428,0.5185185185185186,0.4721486188966423,0.6823449216087254,0.0,0.6336633663366337,0.5115942028985506,0.4638009049773755,0.33919156414762747,0.38095238095238093,0.6693711967545639,1.0,1.0,1.0,0.0,1.0,0.15000000000000013,0.375,0.4545454545454546,0.5540983606557377,0.7295285359801489,1.0
Nariman Point,3,High,2,0.641231593038822,0.496274217585693,0.5973072215422276,0.5639534883720931,0.07278020378457062,0.5361990950226245,0.5,0.49999999999999994,0.4931506849315068,0.34285714285714286,0.0,0.0,0.5,0.46666666666666656,0.25,0.41666666666666663,0.9285714285714284,0.3703703703703704,0.4291337797624284,0.5944103612815268,0.0,0.5222772277227724,0.4478260869565217,0.4638009049773755,0.3848857644991213,0.38095238095238093,0.6693711967545639,1.0,1.0,1.0,0.0,1.0,0.15000000000000013,0.375,0.4545454545454546,0.5540983606557377,0.7357320099255582,1.0
Goregaon (W),2A,High,2,0.2208835341365462,0.31445603576751124,0.1995104039167687,0.7790697674418606,0.685589519650655,0.5045248868778283,0.8125,0.7857142857142856,0.821917808219178,0.1428571428571428,0.0,1.0,0.9285714285714285,0.6666666666666667,0.75,0.8055555555555555,0.3214285714285714,0.6296296296296295,0.14504957521204212,0.15882753919563736,0.0,0.18316831683168322,0.15942028985507245,0.4954751131221719,0.741652021089631,0.14285714285714285,0.603448275862069,0.0,0.0,0.0,1.0,0.0,0.2400000000000002,0.375,0.4230769230769231,0.5311475409836066,0.7133995037220844,1.0
Eksar,2A,High,2,0.5408299866131192,0.5081967213114753,0.6707466340269276,0.5193798449612405,0.5938864628820961,0.48416289592760187,0.4125,0.39999999999999997,0.4383561643835616,0.37142857142857144,0.0,1.0,0.8571428571428571,0.3999999999999997,0.46875,0.2777777777777778,0.3928571428571428,0.44444444444444436,0.37903073510661633,0.5841854124062713,0.0,0.5668316831683168,0.5159420289855071,0.5158371040723981,0.3093145869947276,0.19047619047619047,0.588235294117647,0.0,1.0,1.0,0.0,1.0,0.2400000000000002,0.375,0.4230769230769231,0.5180327868852459,0.6141439205955335,1.0
Poisar,7,High,2,0.7001338688085678,0.3025335320417287,0.7221542227662178,0.6027131782945737,0.3231441048034935,0.4773755656108598,0.4625,0.457142857142857,0.4931506849315068,0.3285714285714285,0.0,1.0,0.8571428571428571,0.3999999999999997,0.3125,0.2777777777777778,0.6428571428571428,0.6666666666666667,0.3529288258774045,0.6939331970006817,0.0,0.5643564356435643,0.4623188405797102,0.5226244343891402,0.3796133567662566,0.23809523809523808,0.5740365111561866,1.0,0.0,1.0,0.0,1.0,0.2400000000000002,0.375,0.4230769230769231,0.5114754098360657,0.6029776674937966,1.0
Vidhan Bhavan,3,High,2,0.5783132530120482,0.35022354694485847,0.5691554467564258,0.6957364341085274,0.10771470160116453,0.47285067873303177,0.5625,0.5714285714285714,0.589041095890411,0.2857142857142857,0.0,0.0,0.5714285714285714,0.533333333333333,0.34375,0.44444444444444453,0.8214285714285712,0.6296296296296295,0.3226230231202415,0.5466939331970007,0.0,0.4381188118811882,0.3695652173913042,0.5271493212669682,0.49736379613356774,0.42857142857142855,0.5588235294117646,1.0,0.0,0.0,0.0,0.0,0.15000000000000013,0.375,0.4545454545454546,0.5081967213114755,0.6650124069478907,1.0
Goregaon (E),7,High,2,0.3721552878179384,0.32488822652757077,0.28641370869033045,0.7751937984496126,0.777292576419214,0.47058823529411775,0.75,0.7428571428571427,0.767123287671233,0.17142857142857137,0.0,1.0,0.7857142857142857,0.533333333333333,0.59375,0.6944444444444445,0.1428571428571428,0.6296296296296295,0.21663071540086537,0.28425357873210627,0.0,0.34405940594059414,0.20434782608695645,0.5294117647058822,0.6889279437609842,0.2857142857142857,0.5446247464503043,0.0,0.0,0.0,1.0,0.0,0.2400000000000002,0.375,0.4230769230769231,0.5049180327868854,0.6898263027295286,1.0
Anand Nagar,2A,High,2,0.642570281124498,0.4798807749627423,0.5716034271725825,0.5620155038759692,0.43959243085880645,0.4660633484162897,0.5,0.49999999999999994,0.5205479452054794,0.29999999999999993,0.0,1.0,0.8571428571428571,0.3999999999999997,0.28125,0.44444444444444453,0.5714285714285714,0.44444444444444436,0.421218636479333,0.5807770961145193,0.0,0.5569306930693069,0.427536231884058,0.5339366515837105,0.38312829525483305,0.23809523809523808,0.5294117647058824,1.0,1.0,0.0,0.0,1.0,0.2400000000000002,0.375,0.4230769230769231,0.5016393442622953,0.6836228287841191,1.0
Shimpoli,2A,High,2,0.5247657295850067,0.39940387481371087,0.6548347613219093,0.5620155038759692,0.6972343522561864,0.46380090497737547,0.5,0.49999999999999994,0.5205479452054794,0.29999999999999993,0.0,1.0,0.8571428571428571,0.533333333333333,0.4375,0.3055555555555556,0.2857142857142856,0.5555555555555556,0.32008825361301424,0.5671438309475119,0.0,0.5346534653465348,0.427536231884058,0.5361990950226245,0.38312829525483305,0.2857142857142857,0.5152129817444219,0.0,0.0,1.0,0.0,0.0,0.2400000000000002,0.375,0.4230769230769231,0.5016393442622953,0.596774193548387,1.0
Dahanukarwadi,2A,High,2,0.6572958500669345,0.4277198211624442,0.5373317013463892,0.6065891472868218,0.438136826783115,0.4524886877828054,0.5,0.4857142857142856,0.5205479452054794,0.30714285714285716,0.0,1.0,0.8571428571428571,0.3999999999999997,0.3125,0.44444444444444453,0.5714285714285714,0.5185185185185186,0.4012454503761101,0.569188820722563,0.0,0.5346534653465348,0.4347826086956521,0.5475113122171946,0.40597539543058003,0.3333333333333333,0.5,1.0,0.0,0.0,0.0,0.0,0.2400000000000002,0.375,0.4230769230769231,0.4918032786885247,0.6116625310173698,1.0
Oshiwara,2A,High,2,0.5903614457831327,0.2593144560357675,0.675642594859241,0.61046511627907,0.6128093158660843,0.4502262443438916,0.5875,0.5999999999999999,0.6164383561643835,0.2571428571428571,0.0,1.0,0.8571428571428571,0.6666666666666667,0.34375,0.25,0.3214285714285714,0.7037037037037037,0.2830508255888559,0.6121336059986366,0.0,0.5321782178217823,0.3405797101449275,0.5497737556561084,0.4674868189806678,0.38095238095238093,0.48580121703853957,1.0,0.0,1.0,0.0,1.0,0.2400000000000002,0.375,0.4230769230769231,0.4918032786885247,0.6253101736972704,1.0
Mahalaxmi,3,High,2,0.48058902275769744,0.25782414307004464,0.4651162790697674,0.6666666666666669,0.6011644832605532,0.4411764705882353,0.6625000000000001,0.6285714285714286,0.6301369863013698,0.22857142857142854,0.0,0.0,0.42857142857142855,0.533333333333333,0.46875,0.5555555555555556,0.3571428571428571,0.7037037037037037,0.23681503454957697,0.4389911383776414,0.0,0.4034653465346535,0.31594202898550716,0.5588235294117647,0.5518453427065027,0.4761904761904761,0.47058823529411764,0.0,0.0,0.0,0.0,0.0,0.15000000000000013,0.375,0.4545454545454546,0.48524590163934445,0.6377171215880892,1.0
Jogeshwari (E),7,High,2,0.37884872824631854,0.2995529061102832,0.3892288861689106,0.7228682170542636,0.4657933042212519,0.4343891402714932,0.6875,0.7142857142857142,0.726027397260274,0.19999999999999996,0.0,1.0,0.7857142857142857,0.7333333333333332,0.59375,0.5833333333333334,0.4999999999999998,0.7037037037037037,0.21021696266346684,0.3449216087252897,0.0,0.2722772277227723,0.23913043478260865,0.5656108597285068,0.6063268892794377,0.3333333333333333,0.45638945233265726,0.0,0.0,0.0,0.0,0.0,0.2400000000000002,0.375,0.4230769230769231,0.478688524590164,0.6426799007444168,1.0
Akurli,7,High,2,0.5903614457831327,0.5007451564828614,0.6976744186046511,0.5058139534883721,0.11790393013100442,0.42307692307692313,0.4375,0.42857142857142855,0.452054794520548,0.34285714285714286,0.0,1.0,0.8571428571428571,0.46666666666666656,0.40625,0.2777777777777778,0.857142857142857,0.44444444444444436,0.4031433018627801,0.6244035446489435,0.0,0.50990099009901,0.491304347826087,0.5769230769230769,0.31810193321616875,0.38095238095238093,0.44117647058823534,1.0,1.0,1.0,0.0,1.0,0.2400000000000002,0.375,0.4230769230769231,0.47213114754098373,0.6898263027295286,1.0
Kalbadevi,3,High,2,0.38688085676037487,0.09388971684053649,0.3402692778457772,0.7848837209302327,0.27947598253275113,0.4208144796380091,0.8374999999999999,0.7428571428571427,0.7945205479452053,0.15714285714285714,0.0,0.0,0.14285714285714285,0.6666666666666667,0.5625,0.6111111111111112,0.6785714285714284,0.925925925925926,0.1360459237833165,0.3217450579413769,0.0,0.2376237623762376,0.19130434782608685,0.5791855203619909,0.7662565905096661,0.5238095238095237,0.4269776876267749,0.0,0.0,0.0,1.0,0.0,0.15000000000000013,0.375,0.4545454545454546,0.4688524590163936,0.6712158808933002,1.0
Jagruti Nagar,1,High,2,0.6987951807228916,0.3532041728763041,0.5275397796817625,0.5794573643410854,0.25036390101892286,0.40271493212669696,0.5,0.49999999999999994,0.5205479452054794,0.3285714285714285,0.0,1.0,0.8571428571428571,0.46666666666666656,0.28125,0.44444444444444453,0.7857142857142856,0.6296296296296295,0.3807737556932613,0.5848670756646217,0.0,0.48514851485148525,0.43333333333333335,0.597285067873303,0.3919156414762742,0.19047619047619047,0.411764705882353,1.0,0.0,0.0,0.0,0.0,0.8600000000000003,0.375,0.28321678321678323,0.41639344262295097,0.6799007444168734,1.0
Magathane,7,High,2,0.5970548862115128,0.39493293591654255,0.44430844553243565,0.5988372093023258,0.5283842794759825,0.3936651583710409,0.5,0.49999999999999994,0.5205479452054794,0.2857142857142857,0.0,1.0,0.8571428571428571,0.3999999999999997,0.34375,0.5833333333333334,0.4642857142857142,0.5185185185185186,0.35382379539800346,0.4867075664621678,0.0,0.4876237623762375,0.4231884057971014,0.6063348416289591,0.40246045694200355,0.42857142857142855,0.39756592292089254,1.0,0.0,0.0,0.0,0.0,0.2400000000000002,0.375,0.4230769230769231,0.45245901639344277,0.5930521091811414,1.0
Valnai-Meeth Chowky,2A,High,2,0.5729585006693441,0.39940387481371087,0.5789473684210525,0.6414728682170543,0.21979621542940325,0.3846153846153846,0.4625,0.457142857142857,0.47945205479452047,0.33571428571428574,0.0,1.0,0.8571428571428571,0.3999999999999997,0.40625,0.44444444444444453,0.75,0.5555555555555556,0.34407296758052086,0.5494205862304022,0.0,0.4678217821782179,0.46811594202898554,0.6153846153846154,0.39718804920913886,0.42857142857142855,0.37525354969574043,1.0,0.0,0.0,0.0,0.0,0.2400000000000002,0.375,0.4230769230769231,0.4426229508196722,0.6724565756823822,1.0
Bangur Nagar,2A,High,2,0.5876840696117804,0.32488822652757077,0.5312117503059975,0.5910852713178296,0.4599708879184861,0.3846153846153846,0.5375,0.5428571428571427,0.5616438356164384,0.2928571428571428,0.0,1.0,0.8571428571428571,0.533333333333333,0.3125,0.38888888888888884,0.4999999999999998,0.7037037037037037,0.31445334722119583,0.5303340149965916,0.0,0.5049504950495051,0.3927536231884057,0.6153846153846154,0.42355008787346227,0.42857142857142855,0.37525354969574043,1.0,0.0,0.0,0.0,0.0,0.2400000000000002,0.375,0.4230769230769231,0.4426229508196722,0.6327543424317617,1.0
Sitaladevi,3,High,2,0.4591700133868809,0.3651266766020864,0.5838433292533659,0.6182170542635661,0.5473071324599708,0.3778280542986425,0.5875,0.5714285714285714,0.589041095890411,0.27142857142857135,0.0,0.0,0.8571428571428571,0.46666666666666656,0.5,0.38888888888888884,0.3928571428571428,0.5555555555555556,0.27303608146451264,0.4942058623040218,0.0,0.48267326732673277,0.3652173913043477,0.6221719457013575,0.47100175746924433,0.5714285714285714,0.35294117647058826,0.0,0.0,0.0,0.0,0.0,0.15000000000000013,0.375,0.4545454545454546,0.43934426229508206,0.6451612903225805,1.0
Dharavi,3,High,2,0.3413654618473896,0.19374068554396429,0.39412484700122397,0.8158914728682171,0.3027656477438137,0.3733031674208145,0.9375,0.7142857142857142,0.726027397260274,0.15714285714285714,0.0,0.0,0.7857142857142857,0.6666666666666667,0.625,0.5833333333333334,0.6785714285714284,0.8518518518518519,0.1566196661048182,0.32856169052488066,0.0,0.23267326732673277,0.22753623188405792,0.6266968325791855,0.8717047451669597,0.6190476190476191,0.33874239350912777,0.0,0.0,0.0,1.0,0.0,0.15000000000000013,0.375,0.4545454545454546,0.43606557377049193,0.6538461538461537,1.0
Kandivali (E),7,High,2,0.32797858099062915,0.2235469448584203,0.2705018359853121,0.7325581395348838,0.5851528384279476,0.3642533936651584,0.7875000000000001,0.7857142857142856,0.821917808219178,0.1428571428571428,0.0,1.0,0.7857142857142857,0.6666666666666667,0.6875,0.6944444444444445,0.3571428571428571,0.8148148148148149,0.16180415533292752,0.25289706884798907,0.0,0.2178217821782179,0.15942028985507245,0.6357466063348416,0.6889279437609842,0.4761904761904761,0.32352941176470595,0.0,0.0,0.0,1.0,0.0,0.2400000000000002,0.375,0.4230769230769231,0.42950819672131146,0.6811414392059554,1.0
Acharya Atre Chowk,3,High,2,0.5863453815261044,0.3591654247391953,0.4369645042839657,0.5968992248062017,0.40611353711790393,0.3506787330316743,0.625,0.5999999999999999,0.589041095890411,0.2571428571428571,0.0,0.0,0.8571428571428571,0.5999999999999999,0.375,0.5277777777777778,0.5357142857142856,0.6296296296296295,0.3308149852851997,0.47716428084526247,0.0,0.41831683168316836,0.3492753623188406,0.6493212669683257,0.48506151142355014,0.6666666666666665,0.30933062880324547,1.0,0.0,0.0,0.0,0.0,0.15000000000000013,0.375,0.4545454545454546,0.4196721311475411,0.6327543424317617,1.0
Chakala (JB Nagar),1,High,2,0.3614457831325302,0.38152011922503726,0.40758873929008566,0.6802325581395349,0.26055312954876275,0.34615384615384626,0.6625000000000001,0.6428571428571428,0.684931506849315,0.23571428571428565,0.0,1.0,0.42857142857142855,0.5999999999999999,0.625,0.5555555555555556,0.6785714285714284,0.5555555555555556,0.23231790068066954,0.3462849352419905,0.0,0.29950495049504955,0.29130434782608694,0.6538461538461537,0.5606326889279438,0.23809523809523808,0.29411764705882354,0.0,0.0,0.0,0.0,0.0,0.8600000000000003,0.375,0.28321678321678323,0.3737704918032787,0.6923076923076923,1.0
Malad (W),2A,High,2,0.09370816599732262,0.1549925484351714,0.11260709914320685,0.8178294573643413,0.5414847161572052,0.3416289592760182,0.875,0.857142857142857,0.8630136986301369,0.09999999999999998,0.0,1.0,0.9285714285714285,0.5999999999999999,0.90625,0.888888888888889,0.3928571428571428,0.7407407407407409,0.05535087379756799,0.045671438309475065,0.0,0.08415841584158423,0.10434782608695647,0.6583710407239818,0.8224956063268893,0.4761904761904761,0.2799188640973631,0.0,0.0,0.0,1.0,0.0,0.2400000000000002,0.375,0.4230769230769231,0.4131147540983606,0.71712158808933,1.0
Kandarpada,2A,High,2,0.5836680053547524,0.41877794336810736,0.4614443084455324,0.4883720930232559,0.31877729257641924,0.3393665158371042,0.4625,0.457142857142857,0.4931506849315068,0.3285714285714285,0.0,1.0,0.8571428571428571,0.5999999999999999,0.375,0.5833333333333334,0.607142857142857,0.5185185185185186,0.35896371209428746,0.48943421949556926,0.0,0.4034653465346535,0.4623188405797102,0.6606334841628958,0.32513181019332166,0.5238095238095237,0.26470588235294124,1.0,0.0,0.0,0.0,0.0,0.2400000000000002,0.375,0.4230769230769231,0.4098360655737705,0.630272952853598,1.0
Lower Malad,2A,High,2,0.5635876840696118,0.46795827123695977,0.4638922888616891,0.5678294573643412,0.14847161572052403,0.33257918552036214,0.5625,0.5714285714285714,0.589041095890411,0.27142857142857135,0.0,1.0,0.8571428571428571,0.6666666666666667,0.375,0.5277777777777778,0.857142857142857,0.44444444444444436,0.37243048151236957,0.48057259713701433,0.0,0.3811881188118812,0.3652173913043477,0.6674208144796379,0.42706502636203875,0.5714285714285714,0.25050709939148075,1.0,1.0,0.0,0.0,1.0,0.2400000000000002,0.375,0.4230769230769231,0.4065573770491804,0.5781637717121588,1.0
Siddhivinayak,3,Medium,1,0.35876840696117807,0.24143070044709392,0.45532435740514066,0.742248062015504,0.3245997088791848,0.3167420814479638,0.6875,0.7857142857142856,0.6575342465753424,0.17142857142857137,0.0,0.0,0.6428571428571428,0.5999999999999999,0.625,0.5,0.6785714285714284,0.7407407407407409,0.18040497664047445,0.37150647580095436,0.0,0.2945544554455446,0.22753623188405792,0.6832579185520362,0.6186291739894553,0.7142857142857142,0.23529411764705882,0.0,0.0,0.0,0.0,0.0,0.050000000000000044,0.125,0.16783216783216784,0.2852459016393444,0.4342431761786601,0.5
Versova,1,Medium,1,0.3775100401606425,0.2921013412816692,0.5556915544675642,0.744186046511628,0.4410480349344978,0.31221719457013597,0.625,0.6428571428571428,0.6575342465753424,0.24285714285714288,0.0,1.0,0.8571428571428571,0.533333333333333,0.65625,0.5,0.5357142857142856,0.7407407407407409,0.20685525539474253,0.43694614860259035,0.0,0.31930693069306937,0.30289855072463767,0.687782805429864,0.5711775043936731,0.2857142857142857,0.21399594320486814,0.0,0.0,0.0,0.0,0.0,0.7600000000000002,0.125,0.0979020979020979,0.26885245901639354,0.3759305210918114,0.5
Saki Naka,1,Medium,1,0.45515394912985274,0.37555886736214616,0.4761321909424724,0.6453488372093025,0.3711790393013101,0.31221719457013597,0.5875,0.5999999999999999,0.6164383561643835,0.2571428571428571,0.0,1.0,0.8571428571428571,0.533333333333333,0.5625,0.4722222222222223,0.607142857142857,0.5185185185185186,0.2754781870239977,0.4321745057941378,0.0,0.38613861386138615,0.3405797101449275,0.687782805429864,0.48681898066783835,0.2857142857142857,0.21399594320486814,0.0,0.0,0.0,0.0,0.0,0.7600000000000002,0.125,0.0979020979020979,0.26885245901639354,0.413151364764268,0.5
Asalpha,1,Medium,1,0.5957161981258368,0.3785394932935917,0.507955936352509,0.5310077519379847,0.06404657933042218,0.30995475113122173,0.5375,0.5428571428571427,0.5616438356164384,0.29999999999999993,0.0,1.0,0.8571428571428571,0.5999999999999999,0.40625,0.44444444444444453,0.9285714285714284,0.5555555555555556,0.3449550345261178,0.5214723926380369,0.0,0.3910891089108911,0.39420289855072455,0.6900452488687783,0.3919156414762742,0.3333333333333333,0.19168356997971603,1.0,0.0,0.0,0.0,0.0,0.7600000000000002,0.125,0.0979020979020979,0.26885245901639354,0.4267990074441687,0.5
WEH,1,Medium,1,0.2784471218206158,0.3919523099850969,0.40758873929008566,0.5794573643410854,0.36098981077147013,0.3076923076923077,0.6875,0.6857142857142855,0.7123287671232876,0.2142857142857143,0.0,1.0,0.42857142857142855,0.5999999999999999,0.75,0.5555555555555556,0.5714285714285714,0.48148148148148145,0.19515965763603715,0.3040218132242672,0.0,0.2747524752475248,0.2594202898550725,0.6923076923076923,0.51493848857645,0.38095238095238093,0.1764705882352941,0.0,0.0,0.0,0.0,0.0,0.7600000000000002,0.125,0.0979020979020979,0.2655737704918034,0.49751861042183615,0.5
Azad Nagar,1,Medium,1,0.6104417670682731,0.4590163934426229,0.4124847001223989,0.5251937984496124,0.04949053857350805,0.3054298642533937,0.5625,0.5714285714285714,0.589041095890411,0.27142857142857135,0.0,1.0,0.8571428571428571,0.6666666666666667,0.34375,0.5833333333333334,0.9285714285714284,0.44444444444444436,0.39308398520661125,0.4758009543285617,0.0,0.36386138613861385,0.3652173913043477,0.6945701357466063,0.40421792618629176,0.42857142857142855,0.16227180527383364,1.0,1.0,0.0,0.0,1.0,0.7600000000000002,0.125,0.0979020979020979,0.2655737704918034,0.39578163771712155,0.5
Lower Oshiwara,2A,Medium,1,0.5046854082998661,0.3174366616989568,0.5471236230110158,0.6279069767441862,0.17467248908296945,0.3031674208144799,0.5375,0.5428571428571427,0.5616438356164384,0.2928571428571428,0.0,1.0,0.8571428571428571,0.3999999999999997,0.5,0.41666666666666663,0.8214285714285712,0.5925925925925928,0.2734513097873069,0.4969325153374233,0.0,0.4257425742574257,0.3927536231884057,0.6968325791855201,0.4428822495606327,0.6190476190476191,0.14705882352941177,0.0,0.0,0.0,0.0,0.0,0.14000000000000012,0.125,0.15384615384615385,0.2754098360655739,0.40074441687344914,0.5
Girgaon,3,Medium,1,0.45247657295850063,0.36959761549925485,0.41860465116279066,0.6317829457364342,0.16011644832605532,0.2466063348416292,0.6625000000000001,0.6857142857142855,0.684931506849315,0.22857142857142854,0.0,0.0,0.8571428571428571,0.6666666666666667,0.5,0.5833333333333334,0.7857142857142856,0.5925925925925928,0.27170125143247903,0.3987730061349694,0.0,0.301980198019802,0.272463768115942,0.7533936651583708,0.530755711775044,0.7619047619047619,0.1328600405679513,0.0,0.0,0.0,0.0,0.0,0.050000000000000044,0.125,0.16783216783216784,0.23606557377049187,0.4615384615384614,0.5
Santacruz,3,Medium,1,0.20615796519410978,0.19970193740685538,0.28396572827417377,0.7209302325581396,0.20524017467248912,0.23076923076923084,0.7875000000000001,0.7857142857142856,0.7945205479452053,0.11428571428571421,0.0,0.0,0.7857142857142857,0.6666666666666667,0.78125,0.6944444444444445,0.75,0.8148148148148149,0.10729664075595013,0.19836400817995908,0.0,0.12623762376237624,0.16231884057971013,0.7692307692307692,0.680140597539543,0.8095238095238095,0.11764705882352942,0.0,0.0,0.0,1.0,0.0,0.050000000000000044,0.125,0.16783216783216784,0.22295081967213126,0.4429280397022333,0.5
Kandivali (W),2A,Medium,1,0.1606425702811245,0.2533532041728763,0.233782129742962,0.6240310077519381,0.23435225618631733,0.1945701357466063,0.8125,0.8285714285714285,0.8493150684931505,0.11428571428571421,0.0,1.0,0.7857142857142857,0.7999999999999996,0.8125,0.7222222222222222,0.7142857142857142,0.6296296296296295,0.10312089830073087,0.14723926380368096,0.0,0.0990099009900991,0.12463768115942025,0.8054298642533937,0.6291739894551847,0.6666666666666665,0.10344827586206898,0.0,0.0,0.0,1.0,0.0,0.14000000000000012,0.125,0.15384615384615385,0.19672131147540983,0.46277915632754335,0.5
Borivali (W),2A,Medium,1,0.1405622489959839,0.01341281669150518,0.17747858017135862,0.8217054263565894,0.43377001455604075,0.16289592760181004,0.8374999999999999,0.8857142857142857,0.904109589041096,0.08571428571428569,0.0,1.0,0.7857142857142857,0.7333333333333332,0.8125,0.7777777777777778,0.4999999999999998,0.962962962962963,0.03895287393128556,0.1056578050443081,0.0,0.08168316831683176,0.07391304347826089,0.83710407239819,0.7943760984182777,0.7142857142857142,0.08823529411764706,0.0,0.0,0.0,1.0,0.0,0.14000000000000012,0.125,0.15384615384615385,0.17377049180327875,0.40942928039702237,0.5
Grant Road,3,Medium,1,0.38152610441767076,0.3353204172876304,0.3537331701346389,0.6046511627906977,0.10334788937409028,0.16063348416289602,0.6875,0.7142857142857142,0.726027397260274,0.19999999999999996,0.0,0.0,0.8571428571428571,0.6666666666666667,0.5625,0.6111111111111112,0.8928571428571426,0.6296296296296295,0.2247921805703642,0.3265167007498297,0.0,0.24752475247524752,0.23913043478260865,0.839366515837104,0.530755711775044,0.857142857142857,0.0740365111561866,0.0,0.0,0.0,0.0,0.0,0.050000000000000044,0.125,0.16783216783216784,0.17377049180327875,0.4181141439205956,0.5
Borivali (E),7,Medium,1,0.20749665327978584,0.10283159463487335,0.1982864137086903,0.800387596899225,0.0,0.1470588235294118,0.8125,0.857142857142857,0.8630136986301369,0.09999999999999998,0.0,1.0,0.7857142857142857,0.7333333333333332,0.78125,0.7500000000000001,1.0,0.8888888888888891,0.0814258049154119,0.15132924335378323,0.0,0.044554455445544594,0.10434782608695647,0.8529411764705881,0.757469244288225,0.5238095238095237,0.058823529411764705,0.0,0.0,0.0,1.0,0.0,0.14000000000000012,0.125,0.15384615384615385,0.16393442622950816,0.47394540942928026,0.5
CSMIA T1,3,Medium,1,0.021419009370816533,0.2175856929955291,0.5764993880048959,0.10465116279069775,0.47307132459970896,0.1334841628959278,0.0625,1.0,0.5205479452054794,0.028571428571428525,0.0,0.0,0.0,0.7999999999999996,0.9375,0.36111111111111105,0.4642857142857142,0.7037037037037037,0.03995927478144798,0.26721199727334694,0.0,0.20297029702970304,0.15507246376811595,0.8665158371040722,0.019332161687170474,0.9047619047619047,0.044624746450304266,0.0,0.0,0.0,0.0,0.0,0.050000000000000044,0.125,0.16783216783216784,0.1540983606557378,0.48387096774193544,0.5
Airport Road,1,Medium,1,0.11512717536813921,0.15946348733233984,0.5703794369645042,0.31976744186046524,0.14410480349344984,0.07239819004524894,0.375,0.857142857142857,0.5205479452054794,0.1428571428571428,0.0,1.0,0.07142857142857142,0.8666666666666665,0.90625,0.41666666666666663,0.8214285714285712,0.8888888888888891,0.06390762694667601,0.3115201090661213,0.0,0.10396039603960405,0.24202898550724639,0.9276018099547509,0.20386643233743407,0.4761904761904761,0.029411764705882353,0.0,0.0,0.0,0.0,0.0,0.7600000000000002,0.125,0.0979020979020979,0.09508196721311479,0.45409429280397023,0.5
Sahar Road,3,Medium,1,0.08701472556894241,0.1236959761549925,0.5434516523867808,0.0426356589147287,0.2576419213973799,0.0678733031674208,0.03749999999999998,0.9285714285714284,0.452054794520548,0.057142857142857106,0.0,0.0,0.0,0.8666666666666665,0.9375,0.44444444444444453,0.75,0.8148148148148149,0.04667565155071357,0.2822085889570553,0.0,0.10148514851485158,0.21594202898550718,0.9321266968325792,0.0017574692442882262,0.9523809523809523,0.015212981744421908,0.0,0.0,0.0,0.0,0.0,0.050000000000000044,0.125,0.16783216783216784,0.10491803278688527,0.4553349875930522,0.5
CSMIA T2,3,Low,0,0.0,0.007451564828613977,0.6585067319461443,0.0,0.14119359534206694,0.0,0.0625,1.0,0.5205479452054794,0.028571428571428525,0.0,0.0,0.0,0.9999999999999998,1.0,0.33333333333333337,0.857142857142857,1.0,0.0,0.301976823449216,0.0,0.04207920792079212,0.15507246376811595,1.0,0.0,0.9999999999999998,0.0,0.0,0.0,1.0,0.0,0.0,0.0,0.0,0.0,0.0,0.0,0.0
