station_name,line,role,is_interchange,lmpi_score,severity_label,intervention,impact_score,priority,factor_addressed,recommended_last_mile,estimated_cost_lakhs,cost_effectiveness,severity_label_lmpi,lmpi_score_lmpi,sev_weight,priority_score
BKC,3,office_premium,0,81.5,Critical,Deploy pre-positioned auto fleet at peak hours,1.0,High,auto_problem_score,E-Rickshaw,50.6,1.976,Critical,81.5,1.0,0.9722
SEEPZ,3,office_heavy,0,79.8,Critical,Deploy pre-positioned auto fleet at peak hours,1.0,High,auto_problem_score,Shared Auto,25.7,3.891,Critical,79.8,1.0,0.9697
MIDC,3,office_heavy,0,79.4,Critical,Deploy pre-positioned auto fleet at peak hours,0.982,High,auto_problem_score,E-Rickshaw,40.1,2.449,Critical,79.4,1.0,0.9583
Worli,3,office_premium,0,70.7,Critical,Deploy pre-positioned auto fleet at peak hours,1.0,High,auto_problem_score,Auto Rickshaw,32.0,3.125,Critical,70.7,1.0,0.956
Marol Naka,3,interchange,1,67.4,Critical,Deploy pre-positioned auto fleet at peak hours,1.0,High,auto_problem_score,Shared Auto,35.9,2.786,Critical,67.4,1.0,0.9511
Ghatkopar,1,interchange_rail,1,67.2,Critical,Deploy pre-positioned auto fleet at peak hours,1.0,High,auto_problem_score,BEST Bus,28.1,3.559,Critical,67.2,1.0,0.9508
Dahisar (E),7,terminus_interchange,1,67.1,Critical,Increase trains/hr during peak windows,1.0,High,crowding_score,BEST Bus,0.0,9.99,Critical,67.1,1.0,0.9506
Andheri,1,interchange_rail,1,66.3,Critical,Deploy pre-positioned auto fleet at peak hours,1.0,High,auto_problem_score,Auto Rickshaw,25.2,3.968,Critical,66.3,1.0,0.9494
CSMT,3,interchange_rail,1,65.6,Critical,Deploy pre-positioned auto fleet at peak hours,1.0,High,auto_problem_score,BEST Bus,56.1,1.783,Critical,65.6,1.0,0.9484
Dahisar (E) 2A,2A,terminus_interchange,1,65.5,Critical,Increase trains/hr during peak windows,1.0,High,crowding_score,BEST Bus,0.0,9.99,Critical,65.5,1.0,0.9482
Dadar,3,interchange_rail,1,65.0,Critical,Increase trains/hr during peak windows,1.0,High,crowding_score,Auto Rickshaw,0.0,9.99,Critical,65.0,1.0,0.9475
Mumbai Central,3,interchange_rail,1,64.9,Critical,Deploy pre-positioned auto fleet at peak hours,1.0,High,auto_problem_score,Auto Rickshaw,53.1,1.883,Critical,64.9,1.0,0.9474
Gundavali,7,interchange,1,70.4,Critical,Deploy pre-positioned auto fleet at peak hours,0.978,High,auto_problem_score,Auto Rickshaw,48.9,2.0,Critical,70.4,1.0,0.9424
Marol Naka L1,1,interchange,1,66.1,Critical,Deploy pre-positioned auto fleet at peak hours,0.971,High,auto_problem_score,Auto Rickshaw,55.2,1.759,Critical,66.1,1.0,0.9318
Churchgate,3,interchange_rail,1,61.0,High,Auto aggregator partnership (Ola/Uber/Rapido),0.848,Medium,auto_problem_score,BEST Bus,13.2,6.424,High,61.0,0.75,0.7878
Nariman Point,3,office_premium,0,61.0,High,Auto aggregator partnership (Ola/Uber/Rapido),0.787,Medium,auto_problem_score,E-Rickshaw,13.9,5.662,High,61.0,0.75,0.7512
Cuffe Parade,3,office_south,0,61.0,High,Auto aggregator partnership (Ola/Uber/Rapido),0.782,Medium,auto_problem_score,E-Rickshaw,11.6,6.741,High,61.0,0.75,0.7482
D.N. Nagar,1,interchange,1,63.1,High,Auto aggregator partnership (Ola/Uber/Rapido),0.775,Medium,auto_problem_score,Auto Rickshaw,7.3,7.75,High,63.1,0.75,0.7472
Goregaon (W),2A,shopping_hub,0,59.6,High,Auto aggregator partnership (Ola/Uber/Rapido),0.769,Medium,auto_problem_score,Auto Rickshaw,7.8,7.69,High,59.6,0.75,0.7383
Hutatma Chowk,3,office_south,0,61.0,High,Auto aggregator partnership (Ola/Uber/Rapido),0.758,Medium,auto_problem_score,Shared Auto,8.4,7.58,High,61.0,0.75,0.7338
DN Nagar,2A,interchange,1,62.6,High,Auto aggregator partnership (Ola/Uber/Rapido),0.753,Medium,auto_problem_score,Auto Rickshaw,6.2,7.53,High,62.6,0.75,0.7332
Malad (W),2A,shopping_hub,0,52.4,High,Auto aggregator partnership (Ola/Uber/Rapido),0.772,Medium,auto_problem_score,Auto Rickshaw,8.5,7.72,High,52.4,0.75,0.7293
Goregaon (E),7,residential_high,0,58.1,High,Auto aggregator partnership (Ola/Uber/Rapido),0.75,Medium,auto_problem_score,Auto Rickshaw,8.6,7.5,High,58.1,0.75,0.7246
Akurli,7,residential_mid,0,56.0,High,Auto aggregator partnership (Ola/Uber/Rapido),0.75,Medium,auto_problem_score,E-Rickshaw,9.2,7.5,High,56.0,0.75,0.7215
Anand Nagar,2A,residential_mid,0,57.9,High,Covered walkway to nearest bus stop,0.745,Medium,walking_problem_score,E-Rickshaw,23.0,3.239,High,57.9,0.75,0.7214
Chakala (JB Nagar),1,office_mid,0,52.6,High,Auto aggregator partnership (Ola/Uber/Rapido),0.752,Medium,auto_problem_score,Auto Rickshaw,12.9,5.829,High,52.6,0.75,0.7176
Mandapeshwar,2A,residential_mid,0,61.4,High,Auto aggregator partnership (Ola/Uber/Rapido),0.728,Medium,auto_problem_score,E-Rickshaw,7.4,7.28,High,61.4,0.75,0.7164
Jagruti Nagar,1,residential_mid,0,55.1,High,Auto aggregator partnership (Ola/Uber/Rapido),0.742,Medium,auto_problem_score,Shared Auto,11.4,6.509,High,55.1,0.75,0.7154
Kandivali (E),7,residential_high,0,53.4,High,Auto aggregator partnership (Ola/Uber/Rapido),0.743,Medium,auto_problem_score,Auto Rickshaw,6.0,7.43,High,53.4,0.75,0.7134
Vidhan Bhavan,3,office_south,0,58.2,High,Auto aggregator partnership (Ola/Uber/Rapido),0.73,Medium,auto_problem_score,Shared Auto,11.2,6.518,High,58.2,0.75,0.7128
Ovaripada,7,remote,0,61.0,High,Auto aggregator partnership (Ola/Uber/Rapido),0.723,Medium,auto_problem_score,E-Rickshaw,11.5,6.287,High,61.0,0.75,0.7128
Kalbadevi,3,commercial,0,55.9,High,Auto aggregator partnership (Ola/Uber/Rapido),0.735,Medium,auto_problem_score,Auto Rickshaw,9.7,7.35,High,55.9,0.75,0.7124
Valnai-Meeth Chowky,2A,residential_mid,0,54.3,High,Auto aggregator partnership (Ola/Uber/Rapido),0.736,Medium,auto_problem_score,Shared Auto,9.6,7.36,High,54.3,0.75,0.7106
Kurar,7,residential_mid,0,61.4,High,Covered walkway to nearest bus stop,0.709,Medium,walking_problem_score,Shared Auto,15.6,4.545,High,61.4,0.75,0.705
Dindoshi,7,residential_mid,0,61.6,High,Auto aggregator partnership (Ola/Uber/Rapido),0.705,Medium,auto_problem_score,Shared Auto,14.6,4.829,High,61.6,0.75,0.7029
Dharavi,3,residential_high,0,53.8,High,Auto aggregator partnership (Ola/Uber/Rapido),0.721,Medium,auto_problem_score,Auto Rickshaw,8.7,7.21,High,53.8,0.75,0.7008
Jogeshwari (E),7,residential_high,0,56.5,High,Auto aggregator partnership (Ola/Uber/Rapido),0.712,Medium,auto_problem_score,Auto Rickshaw,10.5,6.781,High,56.5,0.75,0.6994
Mahalaxmi,3,office_mid,0,56.8,High,Auto aggregator partnership (Ola/Uber/Rapido),0.708,Medium,auto_problem_score,Auto Rickshaw,5.3,7.08,High,56.8,0.75,0.6975
Sitaladevi,3,residential_mid,0,54.0,High,Auto aggregator partnership (Ola/Uber/Rapido),0.714,Medium,auto_problem_score,Auto Rickshaw,12.4,5.758,High,54.0,0.75,0.6969
Oshiwara,2A,residential_mid,0,57.2,High,Auto aggregator partnership (Ola/Uber/Rapido),0.698,Medium,auto_problem_score,Shared Auto,10.4,6.712,High,57.2,0.75,0.6921
Bangur Nagar,2A,residential_mid,0,54.3,High,Auto aggregator partnership (Ola/Uber/Rapido),0.704,Medium,auto_problem_score,Shared Auto,5.7,7.04,High,54.3,0.75,0.6913
Acharya Atre Chowk,3,residential_mid,0,52.8,High,Auto aggregator partnership (Ola/Uber/Rapido),0.704,Medium,auto_problem_score,Shared Auto,14.5,4.855,High,52.8,0.75,0.6891
Eksar,2A,residential_mid,0,58.7,High,Auto aggregator partnership (Ola/Uber/Rapido),0.689,Medium,auto_problem_score,Auto Rickshaw,5.2,6.89,High,58.7,0.75,0.6889
Kandarpada,2A,residential_mid,0,52.3,High,Auto aggregator partnership (Ola/Uber/Rapido),0.702,Medium,auto_problem_score,Shared Auto,5.7,7.02,High,52.3,0.75,0.6872
Dahanukarwadi,2A,residential_mid,0,57.3,High,Auto aggregator partnership (Ola/Uber/Rapido),0.687,Medium,auto_problem_score,Shared Auto,6.3,6.87,High,57.3,0.75,0.6856
Poisar,7,residential_mid,0,58.4,High,Auto aggregator partnership (Ola/Uber/Rapido),0.68,Medium,auto_problem_score,Shared Auto,13.5,5.037,High,58.4,0.75,0.6831
Shimpoli,2A,residential_mid,0,57.8,High,Auto aggregator partnership (Ola/Uber/Rapido),0.675,Medium,auto_problem_score,Auto Rickshaw,10.8,6.25,High,57.8,0.75,0.6792
Devipada,7,remote,0,61.0,High,Covered walkway to nearest bus stop,0.664,Medium,walking_problem_score,E-Rickshaw,12.8,5.188,High,61.0,0.75,0.6774
Rashtriya Udyan,7,remote,0,61.0,High,Auto aggregator partnership (Ola/Uber/Rapido),0.66,Medium,auto_problem_score,E-Rickshaw,6.6,6.6,High,61.0,0.75,0.675
Magathane,7,residential_mid,0,54.7,High,Auto aggregator partnership (Ola/Uber/Rapido),0.672,Medium,auto_problem_score,Shared Auto,5.7,6.72,High,54.7,0.75,0.6728
Aarey JVLR,3,remote,0,61.0,High,Auto aggregator partnership (Ola/Uber/Rapido),0.652,Medium,auto_problem_score,E-Rickshaw,5.4,6.52,High,61.0,0.75,0.6702
Lower Malad,2A,residential_mid,0,52.0,High,Auto aggregator partnership (Ola/Uber/Rapido),0.66,Medium,auto_problem_score,E-Rickshaw,13.1,5.038,High,52.0,0.75,0.6615
WEH,1,office_mid,0,50.9,Medium,Auto stand regularization + price board,0.595,Low,auto_problem_score,Auto Rickshaw,2.1,5.95,Medium,50.9,0.45,0.5458
CSMIA T1,3,airport,0,43.2,Medium,Auto stand regularization + price board,0.584,Low,auto_problem_score,Auto Rickshaw,2.6,5.84,Medium,43.2,0.45,0.5277
Girgaon,3,residential_mid,0,48.2,Medium,Auto stand regularization + price board,0.566,Low,auto_problem_score,Auto Rickshaw,4.5,5.66,Medium,48.2,0.45,0.5244
Borivali (E),7,residential_high,0,43.8,Medium,Auto stand regularization + price board,0.576,Low,auto_problem_score,Auto Rickshaw,3.1,5.76,Medium,43.8,0.45,0.5238
Kandivali (W),2A,residential_high,0,45.9,Medium,Auto stand regularization + price board,0.567,Low,auto_problem_score,Auto Rickshaw,2.1,5.67,Medium,45.9,0.45,0.5216
Siddhivinayak,3,religious_tourist,0,51.3,Medium,Digital wayfinding + multilingual signage,0.544,Low,walking_problem_score,Auto Rickshaw,3.8,5.44,Medium,51.3,0.45,0.5158
Santacruz,3,residential_high,0,47.5,Medium,Digital wayfinding + multilingual signage,0.551,Low,walking_problem_score,Auto Rickshaw,9.9,5.51,Medium,47.5,0.45,0.5144
Asalpha,1,residential_mid,0,51.0,Medium,Auto stand regularization + price board,0.538,Low,auto_problem_score,Shared Auto,3.8,5.38,Medium,51.0,0.45,0.5118
Sahar Road,3,airport,0,40.3,Medium,Auto stand regularization + price board,0.561,Low,auto_problem_score,Auto Rickshaw,4.1,5.61,Medium,40.3,0.45,0.5095
Airport Road,1,airport_adj,0,40.5,Medium,Auto stand regularization + price board,0.56,Low,auto_problem_score,Auto Rickshaw,2.6,5.6,Medium,40.5,0.45,0.5092
Saki Naka,1,residential_mid,0,51.1,Medium,Auto stand regularization + price board,0.527,Low,auto_problem_score,Auto Rickshaw,1.3,5.27,Medium,51.1,0.45,0.5054
Lower Oshiwara,2A,residential_mid,0,50.7,Medium,Shelter + seating at pickup/drop zone,0.517,Low,safety_score,Auto Rickshaw,6.9,5.17,Medium,50.7,0.45,0.4988
Grant Road,3,residential_mid,0,44.4,Medium,Auto stand regularization + price board,0.531,Low,auto_problem_score,Auto Rickshaw,3.7,5.31,Medium,44.4,0.45,0.4977
Azad Nagar,1,residential_mid,0,50.8,Medium,Auto stand regularization + price board,0.513,Low,auto_problem_score,E-Rickshaw,1.3,5.13,Medium,50.8,0.45,0.4965
Borivali (W),2A,residential_high,0,44.5,Medium,Auto stand regularization + price board,0.524,Low,auto_problem_score,Auto Rickshaw,2.8,5.24,Medium,44.5,0.45,0.4936
Versova,1,residential_mid,0,51.1,Medium,Auto stand regularization + price board,0.497,Low,auto_problem_score,Auto Rickshaw,3.3,4.97,Medium,51.1,0.45,0.4873
CSMIA T2,3,airport,0,37.3,Low,Monitor — no immediate intervention needed,0.194,Low,none,Auto Rickshaw,0.0,9.99,Low,37.3,0.15,0.2098
