station,direction,line_a,line_b,time_window,day_type,hours,event_type,is_peak,line_a_headway_min,line_b_headway_min,line_a_trains_per_hr,line_b_trains_per_hr,walk_time_min,avg_wait_without_sync_min,max_wait_without_sync_min,optimal_offset_sec,avg_wait_with_sync_min,max_wait_with_sync_min,total_journey_min,worst_case_journey_min,within_12min_target,sync_quality,recommendation
Marol Naka,Line 1 → Line 3 (Aqua),1,3,morning_peak,weekday,8am–11am,Normal,1,3.5,6.0,17.1,10.0,10,3.25,6.0,6,2.35,4.6,12.4,14.6,False,Poor,Increase Line 3 frequency to reduce headway below 4 min OR hold train 6s after Line 1 arrival
Marol Naka,Line 1 → Line 3 (Aqua),1,3,morning_peak,weekday,8am–11am,Ganesh Chaturthi,1,2.8,4.8,21.4,12.5,10,3.0,4.8,30,1.9,4.1,11.9,14.1,True,Good,Hold Line 3 train 30s after Line 1 arrival — commuter wait 1.9 min ✅
Marol Naka,Line 1 → Line 3 (Aqua),1,3,morning_peak,weekday,8am–11am,Diwali,1,2.87,4.92,20.9,12.2,10,2.51,4.76,60,1.87,4.12,11.9,14.1,True,Good,Hold Line 3 train 60s after Line 1 arrival — commuter wait 1.87 min ✅
Marol Naka,Line 1 → Line 3 (Aqua),1,3,morning_peak,weekday,8am–11am,Public Holiday,1,3.08,5.28,19.5,11.4,10,2.54,4.96,24,2.06,4.48,12.1,14.5,False,Poor,Increase Line 3 frequency to reduce headway below 4 min OR hold train 24s after Line 1 arrival
Marol Naka,Line 1 → Line 3 (Aqua),1,3,morning_peak,weekday,8am–11am,Heavy Rain,1,2.98,5.1,20.1,11.8,10,2.1,4.44,42,1.95,4.28,12.0,14.3,True,Good,Hold Line 3 train 42s after Line 1 arrival — commuter wait 1.95 min ✅
Marol Naka,Line 1 → Line 3 (Aqua),1,3,morning_peak,weekday,8am–11am,Moderate Rain,1,3.15,5.4,19.0,11.1,10,2.82,5.3,6,2.02,4.5,12.0,14.5,True,Poor,Increase Line 3 frequency to reduce headway below 4 min OR hold train 6s after Line 1 arrival
Marol Naka,Line 1 → Line 3 (Aqua),1,3,evening_peak,weekday,5pm–9pm,Normal,1,3.5,6.0,17.1,10.0,10,3.25,6.0,6,2.35,4.6,12.4,14.6,False,Poor,Increase Line 3 frequency to reduce headway below 4 min OR hold train 6s after Line 1 arrival
Marol Naka,Line 1 → Line 3 (Aqua),1,3,evening_peak,weekday,5pm–9pm,Ganesh Chaturthi,1,2.8,4.8,21.4,12.5,10,3.0,4.8,30,1.9,4.1,11.9,14.1,True,Good,Hold Line 3 train 30s after Line 1 arrival — commuter wait 1.9 min ✅
Marol Naka,Line 1 → Line 3 (Aqua),1,3,evening_peak,weekday,5pm–9pm,Diwali,1,2.87,4.92,20.9,12.2,10,2.51,4.76,60,1.87,4.12,11.9,14.1,True,Good,Hold Line 3 train 60s after Line 1 arrival — commuter wait 1.87 min ✅
Marol Naka,Line 1 → Line 3 (Aqua),1,3,evening_peak,weekday,5pm–9pm,Public Holiday,1,3.08,5.28,19.5,11.4,10,2.54,4.96,24,2.06,4.48,12.1,14.5,False,Poor,Increase Line 3 frequency to reduce headway below 4 min OR hold train 24s after Line 1 arrival
Marol Naka,Line 1 → Line 3 (Aqua),1,3,evening_peak,weekday,5pm–9pm,Heavy Rain,1,2.98,5.1,20.1,11.8,10,2.1,4.44,42,1.95,4.28,12.0,14.3,True,Good,Hold Line 3 train 42s after Line 1 arrival — commuter wait 1.95 min ✅
Marol Naka,Line 1 → Line 3 (Aqua),1,3,evening_peak,weekday,5pm–9pm,Moderate Rain,1,3.15,5.4,19.0,11.1,10,2.82,5.3,6,2.02,4.5,12.0,14.5,True,Poor,Increase Line 3 frequency to reduce headway below 4 min OR hold train 6s after Line 1 arrival
Marol Naka,Line 1 → Line 3 (Aqua),1,3,weekday_off,weekday,rest of day,Normal,0,6.5,9.0,9.2,6.7,10,5.8,9.0,156,3.0,6.6,13.0,16.6,False,Poor,Increase Line 3 frequency to reduce headway below 4 min OR hold train 156s after Line 1 arrival
Marol Naka,Line 1 → Line 3 (Aqua),1,3,weekday_off,weekday,rest of day,Ganesh Chaturthi,0,5.2,7.2,11.5,8.3,10,4.08,6.4,240,2.32,5.2,12.3,15.2,False,Poor,Increase Line 3 frequency to reduce headway below 4 min OR hold train 240s after Line 1 arrival
Marol Naka,Line 1 → Line 3 (Aqua),1,3,weekday_off,weekday,rest of day,Diwali,0,5.33,7.38,11.3,8.1,10,4.43,6.81,234,2.43,5.38,12.4,15.4,False,Poor,Increase Line 3 frequency to reduce headway below 4 min OR hold train 234s after Line 1 arrival
Marol Naka,Line 1 → Line 3 (Aqua),1,3,weekday_off,weekday,rest of day,Public Holiday,0,5.72,7.92,10.5,7.6,10,3.9,6.72,204,2.55,5.72,12.6,15.7,False,Poor,Increase Line 3 frequency to reduce headway below 4 min OR hold train 204s after Line 1 arrival
Marol Naka,Line 1 → Line 3 (Aqua),1,3,weekday_off,weekday,rest of day,Heavy Rain,0,5.52,7.65,10.9,7.8,10,4.97,7.43,222,2.55,5.61,12.6,15.6,False,Poor,Increase Line 3 frequency to reduce headway below 4 min OR hold train 222s after Line 1 arrival
Marol Naka,Line 1 → Line 3 (Aqua),1,3,weekday_off,weekday,rest of day,Moderate Rain,0,5.85,8.1,10.3,7.4,10,4.22,7.1,198,2.66,5.9,12.7,15.9,False,Poor,Increase Line 3 frequency to reduce headway below 4 min OR hold train 198s after Line 1 arrival
Marol Naka,Line 1 → Line 3 (Aqua),1,3,weekend_peak,weekend,12pm–9pm,Normal,1,3.5,6.0,17.1,10.0,10,3.25,6.0,6,2.35,4.6,12.4,14.6,False,Poor,Increase Line 3 frequency to reduce headway below 4 min OR hold train 6s after Line 1 arrival
Marol Naka,Line 1 → Line 3 (Aqua),1,3,weekend_peak,weekend,12pm–9pm,Ganesh Chaturthi,1,2.8,4.8,21.4,12.5,10,3.0,4.8,30,1.9,4.1,11.9,14.1,True,Good,Hold Line 3 train 30s after Line 1 arrival — commuter wait 1.9 min ✅
Marol Naka,Line 1 → Line 3 (Aqua),1,3,weekend_peak,weekend,12pm–9pm,Diwali,1,2.87,4.92,20.9,12.2,10,2.51,4.76,60,1.87,4.12,11.9,14.1,True,Good,Hold Line 3 train 60s after Line 1 arrival — commuter wait 1.87 min ✅
Marol Naka,Line 1 → Line 3 (Aqua),1,3,weekend_peak,weekend,12pm–9pm,Public Holiday,1,3.08,5.28,19.5,11.4,10,2.54,4.96,24,2.06,4.48,12.1,14.5,False,Poor,Increase Line 3 frequency to reduce headway below 4 min OR hold train 24s after Line 1 arrival
Marol Naka,Line 1 → Line 3 (Aqua),1,3,weekend_peak,weekend,12pm–9pm,Heavy Rain,1,2.98,5.1,20.1,11.8,10,2.1,4.44,42,1.95,4.28,12.0,14.3,True,Good,Hold Line 3 train 42s after Line 1 arrival — commuter wait 1.95 min ✅
Marol Naka,Line 1 → Line 3 (Aqua),1,3,weekend_peak,weekend,12pm–9pm,Moderate Rain,1,3.15,5.4,19.0,11.1,10,2.82,5.3,6,2.02,4.5,12.0,14.5,True,Poor,Increase Line 3 frequency to reduce headway below 4 min OR hold train 6s after Line 1 arrival
Marol Naka,Line 1 → Line 3 (Aqua),1,3,weekend_off,weekend,rest of day,Normal,0,6.5,9.0,9.2,6.7,10,5.8,9.0,156,3.0,6.6,13.0,16.6,False,Poor,Increase Line 3 frequency to reduce headway below 4 min OR hold train 156s after Line 1 arrival
Marol Naka,Line 1 → Line 3 (Aqua),1,3,weekend_off,weekend,rest of day,Ganesh Chaturthi,0,5.2,7.2,11.5,8.3,10,4.08,6.4,240,2.32,5.2,12.3,15.2,False,Poor,Increase Line 3 frequency to reduce headway below 4 min OR hold train 240s after Line 1 arrival
Marol Naka,Line 1 → Line 3 (Aqua),1,3,weekend_off,weekend,rest of day,Diwali,0,5.33,7.38,11.3,8.1,10,4.43,6.81,234,2.43,5.38,12.4,15.4,False,Poor,Increase Line 3 frequency to reduce headway below 4 min OR hold train 234s after Line 1 arrival
Marol Naka,Line 1 → Line 3 (Aqua),1,3,weekend_off,weekend,rest of day,Public Holiday,0,5.72,7.92,10.5,7.6,10,3.9,6.72,204,2.55,5.72,12.6,15.7,False,Poor,Increase Line 3 frequency to reduce headway below 4 min OR hold train 204s after Line 1 arrival
Marol Naka,Line 1 → Line 3 (Aqua),1,3,weekend_off,weekend,rest of day,Heavy Rain,0,5.52,7.65,10.9,7.8,10,4.97,7.43,222,2.55,5.61,12.6,15.6,False,Poor,Increase Line 3 frequency to reduce headway below 4 min OR hold train 222s after Line 1 arrival
Marol Naka,Line 1 → Line 3 (Aqua),1,3,weekend_off,weekend,rest of day,Moderate Rain,0,5.85,8.1,10.3,7.4,10,4.22,7.1,198,2.66,5.9,12.7,15.9,False,Poor,Increase Line 3 frequency to reduce headway below 4 min OR hold train 198s after Line 1 arrival
DN Nagar,Line 1 → Line 2A,1,2A,morning_peak,weekday,8am–11am,Normal,1,3.5,5.5,17.1,10.9,10,2.8,5.0,276,1.9,4.1,11.9,14.1,True,Good,Hold Line 2A train 276s after Line 1 arrival — commuter wait 1.9 min ✅
DN Nagar,Line 1 → Line 2A,1,2A,morning_peak,weekday,8am–11am,Ganesh Chaturthi,1,2.8,4.4,21.4,13.6,10,2.0,3.6,78,1.54,3.3,11.5,13.3,True,Good,Hold Line 2A train 78s after Line 1 arrival — commuter wait 1.54 min ✅
DN Nagar,Line 1 → Line 2A,1,2A,morning_peak,weekday,8am–11am,Diwali,1,2.87,4.51,20.9,13.3,10,2.3,3.94,60,1.5,3.3,11.5,13.3,True,Good,Hold Line 2A train 60s after Line 1 arrival — commuter wait 1.5 min ✅
DN Nagar,Line 1 → Line 2A,1,2A,morning_peak,weekday,8am–11am,Public Holiday,1,3.08,4.84,19.5,12.4,10,2.23,4.52,24,1.66,3.6,11.7,13.6,True,Good,Hold Line 2A train 24s after Line 1 arrival — commuter wait 1.66 min ✅
DN Nagar,Line 1 → Line 2A,1,2A,morning_peak,weekday,8am–11am,Heavy Rain,1,2.98,4.67,20.1,12.8,10,2.72,4.41,42,1.55,3.42,11.6,13.4,True,Good,Hold Line 2A train 42s after Line 1 arrival — commuter wait 1.55 min ✅
DN Nagar,Line 1 → Line 2A,1,2A,morning_peak,weekday,8am–11am,Moderate Rain,1,3.15,4.95,19.0,12.1,10,2.51,4.85,12,1.72,3.7,11.7,13.7,True,Good,Hold Line 2A train 12s after Line 1 arrival — commuter wait 1.72 min ✅
DN Nagar,Line 1 → Line 2A,1,2A,evening_peak,weekday,5pm–9pm,Normal,1,3.5,5.5,17.1,10.9,10,2.8,5.0,276,1.9,4.1,11.9,14.1,True,Good,Hold Line 2A train 276s after Line 1 arrival — commuter wait 1.9 min ✅
DN Nagar,Line 1 → Line 2A,1,2A,evening_peak,weekday,5pm–9pm,Ganesh Chaturthi,1,2.8,4.4,21.4,13.6,10,2.0,3.6,78,1.54,3.3,11.5,13.3,True,Good,Hold Line 2A train 78s after Line 1 arrival — commuter wait 1.54 min ✅
DN Nagar,Line 1 → Line 2A,1,2A,evening_peak,weekday,5pm–9pm,Diwali,1,2.87,4.51,20.9,13.3,10,2.3,3.94,60,1.5,3.3,11.5,13.3,True,Good,Hold Line 2A train 60s after Line 1 arrival — commuter wait 1.5 min ✅
DN Nagar,Line 1 → Line 2A,1,2A,evening_peak,weekday,5pm–9pm,Public Holiday,1,3.08,4.84,19.5,12.4,10,2.23,4.52,24,1.66,3.6,11.7,13.6,True,Good,Hold Line 2A train 24s after Line 1 arrival — commuter wait 1.66 min ✅
DN Nagar,Line 1 → Line 2A,1,2A,evening_peak,weekday,5pm–9pm,Heavy Rain,1,2.98,4.67,20.1,12.8,10,2.72,4.41,42,1.55,3.42,11.6,13.4,True,Good,Hold Line 2A train 42s after Line 1 arrival — commuter wait 1.55 min ✅
DN Nagar,Line 1 → Line 2A,1,2A,evening_peak,weekday,5pm–9pm,Moderate Rain,1,3.15,4.95,19.0,12.1,10,2.51,4.85,12,1.72,3.7,11.7,13.7,True,Good,Hold Line 2A train 12s after Line 1 arrival — commuter wait 1.72 min ✅
DN Nagar,Line 1 → Line 2A,1,2A,weekday_off,weekday,rest of day,Normal,0,6.5,8.5,9.2,7.1,10,3.62,7.0,96,3.1,6.1,13.1,16.1,False,Poor,Increase Line 2A frequency to reduce headway below 4 min OR hold train 96s after Line 1 arrival
DN Nagar,Line 1 → Line 2A,1,2A,weekday_off,weekday,rest of day,Ganesh Chaturthi,0,5.2,6.8,11.5,8.8,10,4.3,6.8,198,2.5,4.9,12.5,14.9,False,Poor,Increase Line 2A frequency to reduce headway below 4 min OR hold train 198s after Line 1 arrival
DN Nagar,Line 1 → Line 2A,1,2A,weekday_off,weekday,rest of day,Diwali,0,5.33,6.97,11.3,8.6,10,2.92,5.58,186,2.53,4.99,12.5,15.0,False,Poor,Increase Line 2A frequency to reduce headway below 4 min OR hold train 186s after Line 1 arrival
DN Nagar,Line 1 → Line 2A,1,2A,weekday_off,weekday,rest of day,Public Holiday,0,5.72,7.48,10.5,8.0,10,3.86,6.72,156,2.72,5.36,12.7,15.4,False,Poor,Increase Line 2A frequency to reduce headway below 4 min OR hold train 156s after Line 1 arrival
DN Nagar,Line 1 → Line 2A,1,2A,weekday_off,weekday,rest of day,Heavy Rain,0,5.52,7.22,10.9,8.3,10,3.38,6.14,168,2.57,5.12,12.6,15.1,False,Poor,Increase Line 2A frequency to reduce headway below 4 min OR hold train 168s after Line 1 arrival
DN Nagar,Line 1 → Line 2A,1,2A,weekday_off,weekday,rest of day,Moderate Rain,0,5.85,7.65,10.3,7.8,10,4.18,7.1,144,2.75,5.45,12.8,15.4,False,Poor,Increase Line 2A frequency to reduce headway below 4 min OR hold train 144s after Line 1 arrival
DN Nagar,Line 1 → Line 2A,1,2A,weekend_peak,weekend,12pm–9pm,Normal,1,3.5,5.5,17.1,10.9,10,2.8,5.0,276,1.9,4.1,11.9,14.1,True,Good,Hold Line 2A train 276s after Line 1 arrival — commuter wait 1.9 min ✅
DN Nagar,Line 1 → Line 2A,1,2A,weekend_peak,weekend,12pm–9pm,Ganesh Chaturthi,1,2.8,4.4,21.4,13.6,10,2.0,3.6,78,1.54,3.3,11.5,13.3,True,Good,Hold Line 2A train 78s after Line 1 arrival — commuter wait 1.54 min ✅
DN Nagar,Line 1 → Line 2A,1,2A,weekend_peak,weekend,12pm–9pm,Diwali,1,2.87,4.51,20.9,13.3,10,2.3,3.94,60,1.5,3.3,11.5,13.3,True,Good,Hold Line 2A train 60s after Line 1 arrival — commuter wait 1.5 min ✅
DN Nagar,Line 1 → Line 2A,1,2A,weekend_peak,weekend,12pm–9pm,Public Holiday,1,3.08,4.84,19.5,12.4,10,2.23,4.52,24,1.66,3.6,11.7,13.6,True,Good,Hold Line 2A train 24s after Line 1 arrival — commuter wait 1.66 min ✅
DN Nagar,Line 1 → Line 2A,1,2A,weekend_peak,weekend,12pm–9pm,Heavy Rain,1,2.98,4.67,20.1,12.8,10,2.72,4.41,42,1.55,3.42,11.6,13.4,True,Good,Hold Line 2A train 42s after Line 1 arrival — commuter wait 1.55 min ✅
DN Nagar,Line 1 → Line 2A,1,2A,weekend_peak,weekend,12pm–9pm,Moderate Rain,1,3.15,4.95,19.0,12.1,10,2.51,4.85,12,1.72,3.7,11.7,13.7,True,Good,Hold Line 2A train 12s after Line 1 arrival — commuter wait 1.72 min ✅
DN Nagar,Line 1 → Line 2A,1,2A,weekend_off,weekend,rest of day,Normal,0,6.5,8.5,9.2,7.1,10,3.62,7.0,96,3.1,6.1,13.1,16.1,False,Poor,Increase Line 2A frequency to reduce headway below 4 min OR hold train 96s after Line 1 arrival
DN Nagar,Line 1 → Line 2A,1,2A,weekend_off,weekend,rest of day,Ganesh Chaturthi,0,5.2,6.8,11.5,8.8,10,4.3,6.8,198,2.5,4.9,12.5,14.9,False,Poor,Increase Line 2A frequency to reduce headway below 4 min OR hold train 198s after Line 1 arrival
DN Nagar,Line 1 → Line 2A,1,2A,weekend_off,weekend,rest of day,Diwali,0,5.33,6.97,11.3,8.6,10,2.92,5.58,186,2.53,4.99,12.5,15.0,False,Poor,Increase Line 2A frequency to reduce headway below 4 min OR hold train 186s after Line 1 arrival
DN Nagar,Line 1 → Line 2A,1,2A,weekend_off,weekend,rest of day,Public Holiday,0,5.72,7.48,10.5,8.0,10,3.86,6.72,156,2.72,5.36,12.7,15.4,False,Poor,Increase Line 2A frequency to reduce headway below 4 min OR hold train 156s after Line 1 arrival
DN Nagar,Line 1 → Line 2A,1,2A,weekend_off,weekend,rest of day,Heavy Rain,0,5.52,7.22,10.9,8.3,10,3.38,6.14,168,2.57,5.12,12.6,15.1,False,Poor,Increase Line 2A frequency to reduce headway below 4 min OR hold train 168s after Line 1 arrival
DN Nagar,Line 1 → Line 2A,1,2A,weekend_off,weekend,rest of day,Moderate Rain,0,5.85,7.65,10.3,7.8,10,4.18,7.1,144,2.75,5.45,12.8,15.4,False,Poor,Increase Line 2A frequency to reduce headway below 4 min OR hold train 144s after Line 1 arrival
Gundavali,Line 1 → Line 7,1,7,morning_peak,weekday,8am–11am,Normal,1,3.5,5.5,17.1,10.9,10,2.8,5.0,276,1.9,4.1,11.9,14.1,True,Good,Hold Line 7 train 276s after Line 1 arrival — commuter wait 1.9 min ✅
Gundavali,Line 1 → Line 7,1,7,morning_peak,weekday,8am–11am,Ganesh Chaturthi,1,2.8,4.4,21.4,13.6,10,2.0,3.6,78,1.54,3.3,11.5,13.3,True,Good,Hold Line 7 train 78s after Line 1 arrival — commuter wait 1.54 min ✅
Gundavali,Line 1 → Line 7,1,7,morning_peak,weekday,8am–11am,Diwali,1,2.87,4.51,20.9,13.3,10,2.3,3.94,60,1.5,3.3,11.5,13.3,True,Good,Hold Line 7 train 60s after Line 1 arrival — commuter wait 1.5 min ✅
Gundavali,Line 1 → Line 7,1,7,morning_peak,weekday,8am–11am,Public Holiday,1,3.08,4.84,19.5,12.4,10,2.23,4.52,24,1.66,3.6,11.7,13.6,True,Good,Hold Line 7 train 24s after Line 1 arrival — commuter wait 1.66 min ✅
Gundavali,Line 1 → Line 7,1,7,morning_peak,weekday,8am–11am,Heavy Rain,1,2.98,4.67,20.1,12.8,10,2.72,4.41,42,1.55,3.42,11.6,13.4,True,Good,Hold Line 7 train 42s after Line 1 arrival — commuter wait 1.55 min ✅
Gundavali,Line 1 → Line 7,1,7,morning_peak,weekday,8am–11am,Moderate Rain,1,3.15,4.95,19.0,12.1,10,2.51,4.85,12,1.72,3.7,11.7,13.7,True,Good,Hold Line 7 train 12s after Line 1 arrival — commuter wait 1.72 min ✅
Gundavali,Line 1 → Line 7,1,7,evening_peak,weekday,5pm–9pm,Normal,1,3.5,5.5,17.1,10.9,10,2.8,5.0,276,1.9,4.1,11.9,14.1,True,Good,Hold Line 7 train 276s after Line 1 arrival — commuter wait 1.9 min ✅
Gundavali,Line 1 → Line 7,1,7,evening_peak,weekday,5pm–9pm,Ganesh Chaturthi,1,2.8,4.4,21.4,13.6,10,2.0,3.6,78,1.54,3.3,11.5,13.3,True,Good,Hold Line 7 train 78s after Line 1 arrival — commuter wait 1.54 min ✅
Gundavali,Line 1 → Line 7,1,7,evening_peak,weekday,5pm–9pm,Diwali,1,2.87,4.51,20.9,13.3,10,2.3,3.94,60,1.5,3.3,11.5,13.3,True,Good,Hold Line 7 train 60s after Line 1 arrival — commuter wait 1.5 min ✅
Gundavali,Line 1 → Line 7,1,7,evening_peak,weekday,5pm–9pm,Public Holiday,1,3.08,4.84,19.5,12.4,10,2.23,4.52,24,1.66,3.6,11.7,13.6,True,Good,Hold Line 7 train 24s after Line 1 arrival — commuter wait 1.66 min ✅
Gundavali,Line 1 → Line 7,1,7,evening_peak,weekday,5pm–9pm,Heavy Rain,1,2.98,4.67,20.1,12.8,10,2.72,4.41,42,1.55,3.42,11.6,13.4,True,Good,Hold Line 7 train 42s after Line 1 arrival — commuter wait 1.55 min ✅
Gundavali,Line 1 → Line 7,1,7,evening_peak,weekday,5pm–9pm,Moderate Rain,1,3.15,4.95,19.0,12.1,10,2.51,4.85,12,1.72,3.7,11.7,13.7,True,Good,Hold Line 7 train 12s after Line 1 arrival — commuter wait 1.72 min ✅
Gundavali,Line 1 → Line 7,1,7,weekday_off,weekday,rest of day,Normal,0,6.5,9.0,9.2,6.7,10,5.8,9.0,156,3.0,6.6,13.0,16.6,False,Poor,Increase Line 7 frequency to reduce headway below 4 min OR hold train 156s after Line 1 arrival
Gundavali,Line 1 → Line 7,1,7,weekday_off,weekday,rest of day,Ganesh Chaturthi,0,5.2,7.2,11.5,8.3,10,4.08,6.4,240,2.32,5.2,12.3,15.2,False,Poor,Increase Line 7 frequency to reduce headway below 4 min OR hold train 240s after Line 1 arrival
Gundavali,Line 1 → Line 7,1,7,weekday_off,weekday,rest of day,Diwali,0,5.33,7.38,11.3,8.1,10,4.43,6.81,234,2.43,5.38,12.4,15.4,False,Poor,Increase Line 7 frequency to reduce headway below 4 min OR hold train 234s after Line 1 arrival
Gundavali,Line 1 → Line 7,1,7,weekday_off,weekday,rest of day,Public Holiday,0,5.72,7.92,10.5,7.6,10,3.9,6.72,204,2.55,5.72,12.6,15.7,False,Poor,Increase Line 7 frequency to reduce headway below 4 min OR hold train 204s after Line 1 arrival
Gundavali,Line 1 → Line 7,1,7,weekday_off,weekday,rest of day,Heavy Rain,0,5.52,7.65,10.9,7.8,10,4.97,7.43,222,2.55,5.61,12.6,15.6,False,Poor,Increase Line 7 frequency to reduce headway below 4 min OR hold train 222s after Line 1 arrival
Gundavali,Line 1 → Line 7,1,7,weekday_off,weekday,rest of day,Moderate Rain,0,5.85,8.1,10.3,7.4,10,4.22,7.1,198,2.66,5.9,12.7,15.9,False,Poor,Increase Line 7 frequency to reduce headway below 4 min OR hold train 198s after Line 1 arrival
Gundavali,Line 1 → Line 7,1,7,weekend_peak,weekend,12pm–9pm,Normal,1,3.5,5.5,17.1,10.9,10,2.8,5.0,276,1.9,4.1,11.9,14.1,True,Good,Hold Line 7 train 276s after Line 1 arrival — commuter wait 1.9 min ✅
Gundavali,Line 1 → Line 7,1,7,weekend_peak,weekend,12pm–9pm,Ganesh Chaturthi,1,2.8,4.4,21.4,13.6,10,2.0,3.6,78,1.54,3.3,11.5,13.3,True,Good,Hold Line 7 train 78s after Line 1 arrival — commuter wait 1.54 min ✅
Gundavali,Line 1 → Line 7,1,7,weekend_peak,weekend,12pm–9pm,Diwali,1,2.87,4.51,20.9,13.3,10,2.3,3.94,60,1.5,3.3,11.5,13.3,True,Good,Hold Line 7 train 60s after Line 1 arrival — commuter wait 1.5 min ✅
Gundavali,Line 1 → Line 7,1,7,weekend_peak,weekend,12pm–9pm,Public Holiday,1,3.08,4.84,19.5,12.4,10,2.23,4.52,24,1.66,3.6,11.7,13.6,True,Good,Hold Line 7 train 24s after Line 1 arrival — commuter wait 1.66 min ✅
Gundavali,Line 1 → Line 7,1,7,weekend_peak,weekend,12pm–9pm,Heavy Rain,1,2.98,4.67,20.1,12.8,10,2.72,4.41,42,1.55,3.42,11.6,13.4,True,Good,Hold Line 7 train 42s after Line 1 arrival — commuter wait 1.55 min ✅
Gundavali,Line 1 → Line 7,1,7,weekend_peak,weekend,12pm–9pm,Moderate Rain,1,3.15,4.95,19.0,12.1,10,2.51,4.85,12,1.72,3.7,11.7,13.7,True,Good,Hold Line 7 train 12s after Line 1 arrival — commuter wait 1.72 min ✅
Gundavali,Line 1 → Line 7,1,7,weekend_off,weekend,rest of day,Normal,0,6.5,9.0,9.2,6.7,10,5.8,9.0,156,3.0,6.6,13.0,16.6,False,Poor,Increase Line 7 frequency to reduce headway below 4 min OR hold train 156s after Line 1 arrival
Gundavali,Line 1 → Line 7,1,7,weekend_off,weekend,rest of day,Ganesh Chaturthi,0,5.2,7.2,11.5,8.3,10,4.08,6.4,240,2.32,5.2,12.3,15.2,False,Poor,Increase Line 7 frequency to reduce headway below 4 min OR hold train 240s after Line 1 arrival
Gundavali,Line 1 → Line 7,1,7,weekend_off,weekend,rest of day,Diwali,0,5.33,7.38,11.3,8.1,10,4.43,6.81,234,2.43,5.38,12.4,15.4,False,Poor,Increase Line 7 frequency to reduce headway below 4 min OR hold train 234s after Line 1 arrival
Gundavali,Line 1 → Line 7,1,7,weekend_off,weekend,rest of day,Public Holiday,0,5.72,7.92,10.5,7.6,10,3.9,6.72,204,2.55,5.72,12.6,15.7,False,Poor,Increase Line 7 frequency to reduce headway below 4 min OR hold train 204s after Line 1 arrival
Gundavali,Line 1 → Line 7,1,7,weekend_off,weekend,rest of day,Heavy Rain,0,5.52,7.65,10.9,7.8,10,4.97,7.43,222,2.55,5.61,12.6,15.6,False,Poor,Increase Line 7 frequency to reduce headway below 4 min OR hold train 222s after Line 1 arrival
Gundavali,Line 1 → Line 7,1,7,weekend_off,weekend,rest of day,Moderate Rain,0,5.85,8.1,10.3,7.4,10,4.22,7.1,198,2.66,5.9,12.7,15.9,False,Poor,Increase Line 7 frequency to reduce headway below 4 min OR hold train 198s after Line 1 arrival
