station_name,line,role,lmpi_score,severity_label,xgb_predicted,priority_rank,optimization_score,top_intervention,top_impact,min_cost_lakhs,max_cost_lakhs,curr_trains_peak,rec_trains_peak,delta_trains_peak,rec_headway_peak,recommended_last_mile,fore_avg_daily,fore_peak_day,is_interchange,is_elevated,pop_density
BKC,3,office_premium,81.5,Critical,Critical,1,0.7571,Deploy pre-positioned auto fleet at peak hours,1.0,0.0,50.6,10.0,12.5,2.5,4.8,E-Rickshaw,13070.766666666666,13310,False,False,0.85
SEEPZ,3,office_heavy,79.8,Critical,Critical,2,0.7514,Deploy pre-positioned auto fleet at peak hours,1.0,0.0,39.1,10.0,12.5,2.5,4.8,Shared Auto,10165.866666666667,10383,False,False,0.6
MIDC,3,office_heavy,79.4,Critical,Critical,3,0.7466,Deploy pre-positioned auto fleet at peak hours,0.982,0.0,44.6,10.0,12.5,2.5,4.8,E-Rickshaw,9612.1,9829,False,False,0.58
Gundavali,7,interchange,70.4,Critical,Critical,4,0.7201,Deploy pre-positioned auto fleet at peak hours,0.978,0.0,48.9,10.9,14.9,4.0,4.0,Auto Rickshaw,22745.866666666665,23026,True,True,0.65
Worli,3,office_premium,70.7,Critical,Critical,5,0.719,Deploy pre-positioned auto fleet at peak hours,1.0,0.0,60.4,10.0,12.5,2.5,4.8,Auto Rickshaw,13535.8,13739,False,False,0.72
Marol Naka,3,interchange,67.4,Critical,Critical,6,0.7161,Deploy pre-positioned auto fleet at peak hours,1.0,0.0,78.5,10.0,14.0,4.0,4.3,Shared Auto,13835.366666666667,14055,True,False,0.75
Dahisar (E),7,terminus_interchange,67.1,Critical,Critical,7,0.7129,Increase trains/hr during peak windows,1.0,0.0,34.8,10.9,14.9,4.0,4.0,BEST Bus,21138.466666666667,21393,True,True,0.72
CSMT,3,interchange_rail,65.6,Critical,Critical,8,0.7091,Deploy pre-positioned auto fleet at peak hours,1.0,0.0,68.0,10.0,14.0,4.0,4.3,BEST Bus,16522.633333333335,16678,True,False,0.92
Dahisar (E) 2A,2A,terminus_interchange,65.5,Critical,Critical,9,0.7078,Deploy pre-positioned auto fleet at peak hours,1.0,0.0,45.7,10.9,14.9,4.0,4.0,BEST Bus,22724.666666666668,23102,True,True,0.72
Dadar,3,interchange_rail,65.0,Critical,Critical,10,0.7075,Deploy pre-positioned auto fleet at peak hours,1.0,0.0,76.5,10.0,14.0,4.0,4.3,Auto Rickshaw,16266.1,16491,True,False,0.95
Mumbai Central,3,interchange_rail,64.9,Critical,Critical,11,0.707,Deploy pre-positioned auto fleet at peak hours,1.0,0.0,70.4,10.0,14.0,4.0,4.3,Auto Rickshaw,16177.866666666667,16382,True,False,0.8
Ghatkopar,1,interchange_rail,67.2,Critical,Critical,12,0.7018,Deploy pre-positioned auto fleet at peak hours,1.0,0.0,49.4,17.1,20.0,2.9,3.0,BEST Bus,45393.3,46359,True,True,0.95
Andheri,1,interchange_rail,66.3,Critical,Critical,13,0.6987,Deploy pre-positioned auto fleet at peak hours,1.0,0.0,68.6,17.1,20.0,2.9,3.0,Auto Rickshaw,45417.8,46411,True,True,0.95
Marol Naka L1,1,interchange,66.1,Critical,Critical,14,0.6919,Deploy pre-positioned auto fleet at peak hours,0.971,0.0,55.2,17.1,20.0,2.9,3.0,Auto Rickshaw,40972.1,41717,True,True,0.75
Churchgate,3,interchange_rail,61.0,High,High,15,0.595,Auto aggregator partnership (Ola/Uber/Rapido),0.848,0.0,21.1,10.0,13.0,3.0,4.6,BEST Bus,16003.333333333334,16220,True,False,0.8
DN Nagar,2A,interchange,62.6,High,High,16,0.5798,Auto aggregator partnership (Ola/Uber/Rapido),0.753,0.0,16.8,10.9,13.9,3.0,4.3,Auto Rickshaw,25942.566666666666,26213,True,True,0.75
D.N. Nagar,1,interchange,63.1,High,High,17,0.579,Auto aggregator partnership (Ola/Uber/Rapido),0.775,0.0,18.5,17.1,20.0,2.9,3.0,Auto Rickshaw,40549.1,41012,True,True,0.75
Nariman Point,3,office_premium,61.0,High,High,18,0.5731,Auto aggregator partnership (Ola/Uber/Rapido),0.787,0.0,22.6,10.0,11.5,1.5,5.2,E-Rickshaw,13771.6,13999,False,False,0.55
Cuffe Parade,3,office_south,61.0,High,High,19,0.573,Auto aggregator partnership (Ola/Uber/Rapido),0.782,0.0,21.4,10.0,11.5,1.5,5.2,E-Rickshaw,7345.766666666666,7537,False,False,0.5
Hutatma Chowk,3,office_south,61.0,High,High,20,0.5683,Auto aggregator partnership (Ola/Uber/Rapido),0.758,0.0,18.6,10.0,11.5,1.5,5.2,Shared Auto,7480.733333333334,7677,False,False,0.65
Goregaon (W),2A,shopping_hub,59.6,High,High,21,0.5635,Auto aggregator partnership (Ola/Uber/Rapido),0.769,0.0,19.3,10.9,12.4,1.5,4.8,Auto Rickshaw,21614.866666666665,21935,False,True,0.8
Mandapeshwar,2A,residential_mid,61.4,High,High,22,0.5621,Auto aggregator partnership (Ola/Uber/Rapido),0.728,0.0,24.6,10.9,12.4,1.5,4.8,E-Rickshaw,12370.8,12617,False,True,0.5
Ovaripada,7,remote,61.0,High,High,23,0.561,Auto aggregator partnership (Ola/Uber/Rapido),0.723,0.0,14.5,10.9,12.4,1.5,4.8,E-Rickshaw,3648.5,3768,False,True,0.3
Kurar,7,residential_mid,61.4,High,High,24,0.5583,Covered walkway to nearest bus stop,0.709,0.0,15.6,10.9,12.4,1.5,4.8,Shared Auto,11898.3,12131,False,True,0.48
Dindoshi,7,residential_mid,61.6,High,High,25,0.5581,Auto aggregator partnership (Ola/Uber/Rapido),0.705,0.0,15.0,10.9,12.4,1.5,4.8,Shared Auto,11854.933333333332,12083,False,True,0.53
Goregaon (E),7,residential_high,58.1,High,High,26,0.5543,Auto aggregator partnership (Ola/Uber/Rapido),0.75,0.0,18.4,10.9,12.4,1.5,4.8,Auto Rickshaw,18847.8,19101,False,True,0.75
Anand Nagar,2A,residential_mid,57.9,High,High,27,0.5533,Covered walkway to nearest bus stop,0.745,0.0,23.0,10.9,12.4,1.5,4.8,E-Rickshaw,12652.366666666667,12914,False,True,0.55
Vidhan Bhavan,3,office_south,58.2,High,High,28,0.5526,Auto aggregator partnership (Ola/Uber/Rapido),0.73,0.0,29.8,10.0,11.5,1.5,5.2,Shared Auto,7644.033333333334,7821,False,False,0.6
Devipada,7,remote,61.0,High,High,29,0.5497,Covered walkway to nearest bus stop,0.664,0.0,19.1,10.9,12.4,1.5,4.8,E-Rickshaw,3102.3333333333335,3219,False,True,0.28
Rashtriya Udyan,7,remote,61.0,High,High,30,0.5483,Auto aggregator partnership (Ola/Uber/Rapido),0.66,0.0,28.0,10.9,12.4,1.5,4.8,E-Rickshaw,3543.733333333333,3656,False,True,0.25
Akurli,7,residential_mid,56.0,High,High,31,0.5483,Auto aggregator partnership (Ola/Uber/Rapido),0.75,0.0,15.0,10.9,12.4,1.5,4.8,E-Rickshaw,12032.0,12357,False,True,0.5
Aarey JVLR,3,remote,61.0,High,High,32,0.5464,Auto aggregator partnership (Ola/Uber/Rapido),0.652,0.0,21.8,10.0,11.5,1.5,5.2,E-Rickshaw,1762.6666666666667,1797,False,False,0.15
Kalbadevi,3,commercial,55.9,High,High,33,0.5455,Auto aggregator partnership (Ola/Uber/Rapido),0.735,0.0,12.0,10.0,11.5,1.5,5.2,Auto Rickshaw,10730.433333333332,10980,False,False,0.82
Eksar,2A,residential_mid,58.7,High,High,34,0.5446,Auto aggregator partnership (Ola/Uber/Rapido),0.689,0.0,28.6,10.9,12.4,1.5,4.8,Auto Rickshaw,12975.333333333334,13209,False,True,0.48
Mahalaxmi,3,office_mid,56.8,High,High,35,0.5429,Auto aggregator partnership (Ola/Uber/Rapido),0.708,0.0,29.3,10.0,11.5,1.5,5.2,Auto Rickshaw,9428.433333333332,9616,False,False,0.68
Poisar,7,residential_mid,58.4,High,High,36,0.5419,Auto aggregator partnership (Ola/Uber/Rapido),0.68,0.0,19.2,10.9,12.4,1.5,4.8,Shared Auto,12199.133333333333,12435,False,True,0.52
Oshiwara,2A,residential_mid,57.2,High,High,37,0.5414,Auto aggregator partnership (Ola/Uber/Rapido),0.698,0.0,22.7,10.9,12.4,1.5,4.8,Shared Auto,12478.466666666667,12727,False,True,0.62
Jogeshwari (E),7,residential_high,56.5,High,High,38,0.5411,Auto aggregator partnership (Ola/Uber/Rapido),0.712,0.0,24.3,10.9,12.4,1.5,4.8,Auto Rickshaw,18385.966666666667,18634,False,True,0.7
Dahanukarwadi,2A,residential_mid,57.3,High,High,39,0.5391,Auto aggregator partnership (Ola/Uber/Rapido),0.687,0.0,20.4,10.9,12.4,1.5,4.8,Shared Auto,13471.9,13683,False,True,0.55
Shimpoli,2A,residential_mid,57.8,High,High,40,0.5388,Auto aggregator partnership (Ola/Uber/Rapido),0.675,0.0,11.4,10.9,12.4,1.5,4.8,Auto Rickshaw,12416.666666666666,12656,False,True,0.55
Valnai-Meeth Chowky,2A,residential_mid,54.3,High,High,41,0.5388,Auto aggregator partnership (Ola/Uber/Rapido),0.736,0.0,20.9,10.9,12.4,1.5,4.8,Shared Auto,12333.1,12574,False,True,0.52
Malad (W),2A,shopping_hub,52.4,High,High,42,0.5387,Auto aggregator partnership (Ola/Uber/Rapido),0.772,0.0,15.4,10.9,12.4,1.5,4.8,Auto Rickshaw,21097.966666666667,21368,False,True,0.85
Jagruti Nagar,1,residential_mid,55.1,High,High,43,0.538,Auto aggregator partnership (Ola/Uber/Rapido),0.742,0.0,14.0,17.1,18.6,1.5,3.2,Shared Auto,21218.966666666667,21476,False,True,0.55
Kandivali (E),7,residential_high,53.4,High,High,44,0.5365,Auto aggregator partnership (Ola/Uber/Rapido),0.743,0.0,28.1,10.9,12.4,1.5,4.8,Auto Rickshaw,17922.566666666666,18173,False,True,0.78
Dharavi,3,residential_high,53.8,High,High,45,0.5363,Auto aggregator partnership (Ola/Uber/Rapido),0.721,0.0,25.5,10.0,11.5,1.5,5.2,Auto Rickshaw,11225.3,11595,False,False,0.9
Sitaladevi,3,residential_mid,54.0,High,High,46,0.5351,Auto aggregator partnership (Ola/Uber/Rapido),0.714,0.0,26.1,10.0,11.5,1.5,5.2,Auto Rickshaw,6932.7,7126,False,False,0.62
Bangur Nagar,2A,residential_mid,54.3,High,High,47,0.5328,Auto aggregator partnership (Ola/Uber/Rapido),0.704,0.0,16.4,10.9,12.4,1.5,4.8,Shared Auto,12032.233333333334,12314,False,True,0.58
Chakala (JB Nagar),1,office_mid,52.6,High,High,48,0.5312,Auto aggregator partnership (Ola/Uber/Rapido),0.752,0.0,25.8,17.1,18.6,1.5,3.2,Auto Rickshaw,28830.233333333334,29161,False,True,0.68
Acharya Atre Chowk,3,residential_mid,52.8,High,High,49,0.5286,Auto aggregator partnership (Ola/Uber/Rapido),0.704,0.0,21.5,10.0,11.5,1.5,5.2,Shared Auto,7317.7,7500,False,False,0.65
Magathane,7,residential_mid,54.7,High,High,50,0.5273,Auto aggregator partnership (Ola/Uber/Rapido),0.672,0.0,22.8,10.9,12.4,1.5,4.8,Shared Auto,11971.066666666668,12199,False,True,0.55
Kandarpada,2A,residential_mid,52.3,High,High,51,0.525,Auto aggregator partnership (Ola/Uber/Rapido),0.702,0.0,26.4,10.9,12.4,1.5,4.8,Shared Auto,12434.566666666668,12677,False,True,0.52
Lower Malad,2A,residential_mid,52.0,High,High,52,0.5154,Auto aggregator partnership (Ola/Uber/Rapido),0.66,0.0,28.9,10.9,12.4,1.5,4.8,E-Rickshaw,13089.6,13322,False,True,0.6
WEH,1,office_mid,50.9,Medium,Medium,53,0.4136,Auto stand regularization + price board,0.595,2.1,7.4,17.1,17.6,0.5,3.4,Auto Rickshaw,27873.533333333333,28190,False,True,0.7
Siddhivinayak,3,religious_tourist,51.3,Medium,Medium,54,0.4077,Digital wayfinding + multilingual signage,0.544,1.2,5.0,10.0,10.5,0.5,5.7,Auto Rickshaw,8903.366666666667,9087,False,False,0.7
Asalpha,1,residential_mid,51.0,Medium,Medium,55,0.4027,Auto stand regularization + price board,0.538,3.8,6.9,17.1,17.6,0.5,3.4,Shared Auto,21113.966666666667,21372,False,True,0.58
Girgaon,3,residential_mid,48.2,Medium,Medium,56,0.4021,Auto stand regularization + price board,0.566,4.5,8.8,10.0,10.5,0.5,5.7,Auto Rickshaw,6881.9,7083,False,False,0.68
Saki Naka,1,residential_mid,51.1,Medium,Medium,57,0.4009,Auto stand regularization + price board,0.527,1.3,7.2,17.1,17.6,0.5,3.4,Auto Rickshaw,21086.333333333332,21360,False,True,0.62
Lower Oshiwara,2A,residential_mid,50.7,Medium,Medium,58,0.4002,Shelter + seating at pickup/drop zone,0.517,4.6,6.9,10.9,11.4,0.5,5.3,Auto Rickshaw,12543.3,12853,False,True,0.58
Azad Nagar,1,residential_mid,50.8,Medium,Medium,59,0.3969,Auto stand regularization + price board,0.513,1.3,5.5,17.1,17.6,0.5,3.4,E-Rickshaw,21011.266666666666,21254,False,True,0.6
Santacruz,3,residential_high,47.5,Medium,Medium,60,0.3969,Digital wayfinding + multilingual signage,0.551,2.9,9.9,10.0,10.5,0.5,5.7,Auto Rickshaw,10432.333333333334,10768,False,False,0.78
Versova,1,residential_mid,51.1,Medium,Medium,61,0.3947,Auto stand regularization + price board,0.497,3.3,6.5,17.1,17.6,0.5,3.4,Auto Rickshaw,20879.666666666668,21113,False,True,0.65
Kandivali (W),2A,residential_high,45.9,Medium,Medium,62,0.3922,Auto stand regularization + price board,0.567,2.1,8.9,10.9,11.4,0.5,5.3,Auto Rickshaw,17985.366666666665,18207,False,True,0.8
CSMIA T1,3,airport,43.2,Medium,Medium,63,0.3884,Auto stand regularization + price board,0.584,2.6,9.0,10.0,10.5,0.5,5.7,Auto Rickshaw,6513.066666666667,6719,False,False,0.2
Borivali (E),7,residential_high,43.8,Medium,Medium,64,0.3868,Auto stand regularization + price board,0.576,3.1,6.0,10.9,11.4,0.5,5.3,Auto Rickshaw,18787.0,19049,False,True,0.8
Grant Road,3,residential_mid,44.4,Medium,Medium,65,0.3812,Auto stand regularization + price board,0.531,3.4,3.9,10.0,10.5,0.5,5.7,Auto Rickshaw,7430.6,7607,False,False,0.7
Borivali (W),2A,residential_high,44.5,Medium,Medium,66,0.3786,Auto stand regularization + price board,0.524,2.8,8.4,10.9,11.4,0.5,5.3,Auto Rickshaw,19198.133333333335,19431,False,True,0.82
Sahar Road,3,airport,40.3,Medium,Medium,67,0.3734,Auto stand regularization + price board,0.561,4.1,6.1,10.0,10.5,0.5,5.7,Auto Rickshaw,6760.733333333334,6954,False,False,0.18
Airport Road,1,airport_adj,40.5,Medium,Medium,68,0.3706,Auto stand regularization + price board,0.56,2.6,7.9,17.1,17.6,0.5,3.4,Auto Rickshaw,15261.2,15488,False,True,0.45
CSMIA T2,3,airport,37.3,Low,Medium,69,0.21,Monitor — no immediate intervention needed,0.194,0.0,3.8,10.0,10.0,0.0,6.0,Auto Rickshaw,6582.7,6787,False,False,0.2
