station_name,line,date,forecasted_footfall
Aarey JVLR,3,2025-04-01,1738
Aarey JVLR,3,2025-04-02,1793
Aarey JVLR,3,2025-04-03,1786
Aarey JVLR,3,2025-04-04,1785
Aarey JVLR,3,2025-04-05,1695
Aarey JVLR,3,2025-04-06,1739
Aarey JVLR,3,2025-04-07,1792
Aarey JVLR,3,2025-04-08,1738
Aarey JVLR,3,2025-04-09,1793
Aarey JVLR,3,2025-04-10,1786
Aarey JVLR,3,2025-04-11,1785
Aarey JVLR,3,2025-04-12,1695
Aarey JVLR,3,2025-04-13,1739
Aarey JVLR,3,2025-04-14,1793
Aarey JVLR,3,2025-04-15,1739
Aarey JVLR,3,2025-04-16,1794
Aarey JVLR,3,2025-04-17,1786
Aarey JVLR,3,2025-04-18,1786
Aarey JVLR,3,2025-04-19,1696
Aarey JVLR,3,2025-04-20,1739
Aarey JVLR,3,2025-04-21,1797
Aarey JVLR,3,2025-04-22,1747
Aarey JVLR,3,2025-04-23,1794
Aarey JVLR,3,2025-04-24,1786
Aarey JVLR,3,2025-04-25,1786
Aarey JVLR,3,2025-04-26,1696
Aarey JVLR,3,2025-04-27,1739
Aarey JVLR,3,2025-04-28,1797
Aarey JVLR,3,2025-04-29,1747
Aarey JVLR,3,2025-04-30,1794
Acharya Atre Chowk,3,2025-04-01,7392
Acharya Atre Chowk,3,2025-04-02,7455
Acharya Atre Chowk,3,2025-04-03,7447
Acharya Atre Chowk,3,2025-04-04,7444
Acharya Atre Chowk,3,2025-04-05,6927
Acharya Atre Chowk,3,2025-04-06,7015
Acharya Atre Chowk,3,2025-04-07,7500
Acharya Atre Chowk,3,2025-04-08,7392
Acharya Atre Chowk,3,2025-04-09,7455
Acharya Atre Chowk,3,2025-04-10,7447
Acharya Atre Chowk,3,2025-04-11,7444
Acharya Atre Chowk,3,2025-04-12,6927
Acharya Atre Chowk,3,2025-04-13,7015
Acharya Atre Chowk,3,2025-04-14,7496
Acharya Atre Chowk,3,2025-04-15,7388
Acharya Atre Chowk,3,2025-04-16,7451
Acharya Atre Chowk,3,2025-04-17,7444
Acharya Atre Chowk,3,2025-04-18,7441
Acharya Atre Chowk,3,2025-04-19,6923
Acharya Atre Chowk,3,2025-04-20,7012
Acharya Atre Chowk,3,2025-04-21,7500
Acharya Atre Chowk,3,2025-04-22,7397
Acharya Atre Chowk,3,2025-04-23,7451
Acharya Atre Chowk,3,2025-04-24,7444
Acharya Atre Chowk,3,2025-04-25,7441
Acharya Atre Chowk,3,2025-04-26,6923
Acharya Atre Chowk,3,2025-04-27,7012
Acharya Atre Chowk,3,2025-04-28,7500
Acharya Atre Chowk,3,2025-04-29,7397
Acharya Atre Chowk,3,2025-04-30,7451
Airport Road,1,2025-04-01,15383
Airport Road,1,2025-04-02,15477
Airport Road,1,2025-04-03,15458
Airport Road,1,2025-04-04,15488
Airport Road,1,2025-04-05,14738
Airport Road,1,2025-04-06,14768
Airport Road,1,2025-04-07,15449
Airport Road,1,2025-04-08,15383
Airport Road,1,2025-04-09,15477
Airport Road,1,2025-04-10,15458
Airport Road,1,2025-04-11,15488
Airport Road,1,2025-04-12,14738
Airport Road,1,2025-04-13,14768
Airport Road,1,2025-04-14,15437
Airport Road,1,2025-04-15,15372
Airport Road,1,2025-04-16,15466
Airport Road,1,2025-04-17,15447
Airport Road,1,2025-04-18,15484
Airport Road,1,2025-04-19,14734
Airport Road,1,2025-04-20,14764
Airport Road,1,2025-04-21,15447
Airport Road,1,2025-04-22,15387
Airport Road,1,2025-04-23,15476
Airport Road,1,2025-04-24,15457
Airport Road,1,2025-04-25,15484
Airport Road,1,2025-04-26,14734
Airport Road,1,2025-04-27,14764
Airport Road,1,2025-04-28,15447
Airport Road,1,2025-04-29,15387
Airport Road,1,2025-04-30,15476
Akurli,7,2025-04-01,12103
Akurli,7,2025-04-02,12234
Akurli,7,2025-04-03,12221
Akurli,7,2025-04-04,12259
Akurli,7,2025-04-05,11463
Akurli,7,2025-04-06,11531
Akurli,7,2025-04-07,12357
Akurli,7,2025-04-08,12103
Akurli,7,2025-04-09,12234
Akurli,7,2025-04-10,12221
Akurli,7,2025-04-11,12259
Akurli,7,2025-04-12,11463
Akurli,7,2025-04-13,11531
Akurli,7,2025-04-14,12353
Akurli,7,2025-04-15,12100
Akurli,7,2025-04-16,12230
Akurli,7,2025-04-17,12218
Akurli,7,2025-04-18,12255
Akurli,7,2025-04-19,11460
Akurli,7,2025-04-20,11528
Akurli,7,2025-04-21,12353
Akurli,7,2025-04-22,12105
Akurli,7,2025-04-23,12230
Akurli,7,2025-04-24,12218
Akurli,7,2025-04-25,12255
Akurli,7,2025-04-26,11460
Akurli,7,2025-04-27,11528
Akurli,7,2025-04-28,12353
Akurli,7,2025-04-29,12105
Akurli,7,2025-04-30,12230
Anand Nagar,2A,2025-04-01,12729
Anand Nagar,2A,2025-04-02,12856
Anand Nagar,2A,2025-04-03,12843
Anand Nagar,2A,2025-04-04,12914
Anand Nagar,2A,2025-04-05,12161
Anand Nagar,2A,2025-04-06,12212
Anand Nagar,2A,2025-04-07,12795
Anand Nagar,2A,2025-04-08,12729
Anand Nagar,2A,2025-04-09,12856
Anand Nagar,2A,2025-04-10,12843
Anand Nagar,2A,2025-04-11,12914
Anand Nagar,2A,2025-04-12,12161
Anand Nagar,2A,2025-04-13,12212
Anand Nagar,2A,2025-04-14,12791
Anand Nagar,2A,2025-04-15,12725
Anand Nagar,2A,2025-04-16,12852
Anand Nagar,2A,2025-04-17,12840
Anand Nagar,2A,2025-04-18,12911
Anand Nagar,2A,2025-04-19,12157
Anand Nagar,2A,2025-04-20,12208
Anand Nagar,2A,2025-04-21,12791
Anand Nagar,2A,2025-04-22,12730
Anand Nagar,2A,2025-04-23,12852
Anand Nagar,2A,2025-04-24,12840
Anand Nagar,2A,2025-04-25,12911
Anand Nagar,2A,2025-04-26,12157
Anand Nagar,2A,2025-04-27,12208
Anand Nagar,2A,2025-04-28,12791
Anand Nagar,2A,2025-04-29,12730
Anand Nagar,2A,2025-04-30,12852
Andheri,1,2025-04-01,46258
Andheri,1,2025-04-02,46374
Andheri,1,2025-04-03,46371
Andheri,1,2025-04-04,46411
Andheri,1,2025-04-05,42805
Andheri,1,2025-04-06,43049
Andheri,1,2025-04-07,46265
Andheri,1,2025-04-08,46228
Andheri,1,2025-04-09,46343
Andheri,1,2025-04-10,46341
Andheri,1,2025-04-11,46381
Andheri,1,2025-04-12,42774
Andheri,1,2025-04-13,43019
Andheri,1,2025-04-14,46254
Andheri,1,2025-04-15,46216
Andheri,1,2025-04-16,46348
Andheri,1,2025-04-17,46347
Andheri,1,2025-04-18,46395
Andheri,1,2025-04-19,42800
Andheri,1,2025-04-20,43044
Andheri,1,2025-04-21,46314
Andheri,1,2025-04-22,46268
Andheri,1,2025-04-23,46374
Andheri,1,2025-04-24,46360
Andheri,1,2025-04-25,46395
Andheri,1,2025-04-26,42800
Andheri,1,2025-04-27,43044
Andheri,1,2025-04-28,46314
Andheri,1,2025-04-29,46268
Andheri,1,2025-04-30,46374
Asalpha,1,2025-04-01,21235
Asalpha,1,2025-04-02,21358
Asalpha,1,2025-04-03,21357
Asalpha,1,2025-04-04,21372
Asalpha,1,2025-04-05,20541
Asalpha,1,2025-04-06,20575
Asalpha,1,2025-04-07,21280
Asalpha,1,2025-04-08,21235
Asalpha,1,2025-04-09,21358
Asalpha,1,2025-04-10,21357
Asalpha,1,2025-04-11,21372
Asalpha,1,2025-04-12,20541
Asalpha,1,2025-04-13,20575
Asalpha,1,2025-04-14,21268
Asalpha,1,2025-04-15,21224
Asalpha,1,2025-04-16,21347
Asalpha,1,2025-04-17,21346
Asalpha,1,2025-04-18,21368
Asalpha,1,2025-04-19,20538
Asalpha,1,2025-04-20,20571
Asalpha,1,2025-04-21,21281
Asalpha,1,2025-04-22,21242
Asalpha,1,2025-04-23,21360
Asalpha,1,2025-04-24,21358
Asalpha,1,2025-04-25,21368
Asalpha,1,2025-04-26,20538
Asalpha,1,2025-04-27,20571
Asalpha,1,2025-04-28,21281
Asalpha,1,2025-04-29,21242
Asalpha,1,2025-04-30,21360
Azad Nagar,1,2025-04-01,21132
Azad Nagar,1,2025-04-02,21249
Azad Nagar,1,2025-04-03,21247
Azad Nagar,1,2025-04-04,21254
Azad Nagar,1,2025-04-05,20464
Azad Nagar,1,2025-04-06,20489
Azad Nagar,1,2025-04-07,21167
Azad Nagar,1,2025-04-08,21132
Azad Nagar,1,2025-04-09,21249
Azad Nagar,1,2025-04-10,21247
Azad Nagar,1,2025-04-11,21254
Azad Nagar,1,2025-04-12,20464
Azad Nagar,1,2025-04-13,20489
Azad Nagar,1,2025-04-14,21155
Azad Nagar,1,2025-04-15,21120
Azad Nagar,1,2025-04-16,21237
Azad Nagar,1,2025-04-17,21236
Azad Nagar,1,2025-04-18,21250
Azad Nagar,1,2025-04-19,20461
Azad Nagar,1,2025-04-20,20485
Azad Nagar,1,2025-04-21,21168
Azad Nagar,1,2025-04-22,21138
Azad Nagar,1,2025-04-23,21250
Azad Nagar,1,2025-04-24,21249
Azad Nagar,1,2025-04-25,21250
Azad Nagar,1,2025-04-26,20461
Azad Nagar,1,2025-04-27,20485
Azad Nagar,1,2025-04-28,21168
Azad Nagar,1,2025-04-29,21138
Azad Nagar,1,2025-04-30,21250
BKC,3,2025-04-01,13176
BKC,3,2025-04-02,13277
BKC,3,2025-04-03,13268
BKC,3,2025-04-04,13310
BKC,3,2025-04-05,12544
BKC,3,2025-04-06,12596
BKC,3,2025-04-07,13262
BKC,3,2025-04-08,13176
BKC,3,2025-04-09,13277
BKC,3,2025-04-10,13268
BKC,3,2025-04-11,13310
BKC,3,2025-04-12,12544
BKC,3,2025-04-13,12596
BKC,3,2025-04-14,13250
BKC,3,2025-04-15,13165
BKC,3,2025-04-16,13266
BKC,3,2025-04-17,13257
BKC,3,2025-04-18,13307
BKC,3,2025-04-19,12541
BKC,3,2025-04-20,12592
BKC,3,2025-04-21,13261
BKC,3,2025-04-22,13180
BKC,3,2025-04-23,13276
BKC,3,2025-04-24,13267
BKC,3,2025-04-25,13307
BKC,3,2025-04-26,12541
BKC,3,2025-04-27,12592
BKC,3,2025-04-28,13261
BKC,3,2025-04-29,13180
BKC,3,2025-04-30,13276
Bangur Nagar,2A,2025-04-01,12057
Bangur Nagar,2A,2025-04-02,12198
Bangur Nagar,2A,2025-04-03,12185
Bangur Nagar,2A,2025-04-04,12230
Bangur Nagar,2A,2025-04-05,11565
Bangur Nagar,2A,2025-04-06,11642
Bangur Nagar,2A,2025-04-07,12314
Bangur Nagar,2A,2025-04-08,12057
Bangur Nagar,2A,2025-04-09,12198
Bangur Nagar,2A,2025-04-10,12185
Bangur Nagar,2A,2025-04-11,12230
Bangur Nagar,2A,2025-04-12,11565
Bangur Nagar,2A,2025-04-13,11642
Bangur Nagar,2A,2025-04-14,12310
Bangur Nagar,2A,2025-04-15,12053
Bangur Nagar,2A,2025-04-16,12194
Bangur Nagar,2A,2025-04-17,12182
Bangur Nagar,2A,2025-04-18,12226
Bangur Nagar,2A,2025-04-19,11561
Bangur Nagar,2A,2025-04-20,11639
Bangur Nagar,2A,2025-04-21,12311
Bangur Nagar,2A,2025-04-22,12058
Bangur Nagar,2A,2025-04-23,12194
Bangur Nagar,2A,2025-04-24,12182
Bangur Nagar,2A,2025-04-25,12226
Bangur Nagar,2A,2025-04-26,11561
Bangur Nagar,2A,2025-04-27,11639
Bangur Nagar,2A,2025-04-28,12311
Bangur Nagar,2A,2025-04-29,12058
Bangur Nagar,2A,2025-04-30,12194
Borivali (E),7,2025-04-01,18817
Borivali (E),7,2025-04-02,18959
Borivali (E),7,2025-04-03,18999
Borivali (E),7,2025-04-04,19049
Borivali (E),7,2025-04-05,18393
Borivali (E),7,2025-04-06,18407
Borivali (E),7,2025-04-07,18870
Borivali (E),7,2025-04-08,18798
Borivali (E),7,2025-04-09,18959
Borivali (E),7,2025-04-10,18999
Borivali (E),7,2025-04-11,19049
Borivali (E),7,2025-04-12,18393
Borivali (E),7,2025-04-13,18407
Borivali (E),7,2025-04-14,18858
Borivali (E),7,2025-04-15,18787
Borivali (E),7,2025-04-16,18948
Borivali (E),7,2025-04-17,18987
Borivali (E),7,2025-04-18,19045
Borivali (E),7,2025-04-19,18389
Borivali (E),7,2025-04-20,18404
Borivali (E),7,2025-04-21,18869
Borivali (E),7,2025-04-22,18802
Borivali (E),7,2025-04-23,18958
Borivali (E),7,2025-04-24,18997
Borivali (E),7,2025-04-25,19045
Borivali (E),7,2025-04-26,18389
Borivali (E),7,2025-04-27,18404
Borivali (E),7,2025-04-28,18869
Borivali (E),7,2025-04-29,18802
Borivali (E),7,2025-04-30,18958
Borivali (W),2A,2025-04-01,19255
Borivali (W),2A,2025-04-02,19358
Borivali (W),2A,2025-04-03,19397
Borivali (W),2A,2025-04-04,19431
Borivali (W),2A,2025-04-05,18778
Borivali (W),2A,2025-04-06,18799
Borivali (W),2A,2025-04-07,19327
Borivali (W),2A,2025-04-08,19255
Borivali (W),2A,2025-04-09,19358
Borivali (W),2A,2025-04-10,19397
Borivali (W),2A,2025-04-11,19431
Borivali (W),2A,2025-04-12,18778
Borivali (W),2A,2025-04-13,18799
Borivali (W),2A,2025-04-14,19315
Borivali (W),2A,2025-04-15,19244
Borivali (W),2A,2025-04-16,19346
Borivali (W),2A,2025-04-17,19386
Borivali (W),2A,2025-04-18,19428
Borivali (W),2A,2025-04-19,18775
Borivali (W),2A,2025-04-20,18795
Borivali (W),2A,2025-04-21,19328
Borivali (W),2A,2025-04-22,19261
Borivali (W),2A,2025-04-23,19359
Borivali (W),2A,2025-04-24,19398
Borivali (W),2A,2025-04-25,19428
Borivali (W),2A,2025-04-26,18775
Borivali (W),2A,2025-04-27,18795
Borivali (W),2A,2025-04-28,19328
Borivali (W),2A,2025-04-29,19261
Borivali (W),2A,2025-04-30,19359
CSMIA T1,3,2025-04-01,6589
CSMIA T1,3,2025-04-02,6650
CSMIA T1,3,2025-04-03,6642
CSMIA T1,3,2025-04-04,6648
CSMIA T1,3,2025-04-05,6112
CSMIA T1,3,2025-04-06,6188
CSMIA T1,3,2025-04-07,6718
CSMIA T1,3,2025-04-08,6589
CSMIA T1,3,2025-04-09,6650
CSMIA T1,3,2025-04-10,6642
CSMIA T1,3,2025-04-11,6648
CSMIA T1,3,2025-04-12,6112
CSMIA T1,3,2025-04-13,6188
CSMIA T1,3,2025-04-14,6715
CSMIA T1,3,2025-04-15,6585
CSMIA T1,3,2025-04-16,6646
CSMIA T1,3,2025-04-17,6638
CSMIA T1,3,2025-04-18,6645
CSMIA T1,3,2025-04-19,6108
CSMIA T1,3,2025-04-20,6185
CSMIA T1,3,2025-04-21,6719
CSMIA T1,3,2025-04-22,6594
CSMIA T1,3,2025-04-23,6646
CSMIA T1,3,2025-04-24,6638
CSMIA T1,3,2025-04-25,6645
CSMIA T1,3,2025-04-26,6108
CSMIA T1,3,2025-04-27,6185
CSMIA T1,3,2025-04-28,6719
CSMIA T1,3,2025-04-29,6594
CSMIA T1,3,2025-04-30,6646
CSMIA T2,3,2025-04-01,6657
CSMIA T2,3,2025-04-02,6718
CSMIA T2,3,2025-04-03,6711
CSMIA T2,3,2025-04-04,6716
CSMIA T2,3,2025-04-05,6185
CSMIA T2,3,2025-04-06,6261
CSMIA T2,3,2025-04-07,6787
CSMIA T2,3,2025-04-08,6657
CSMIA T2,3,2025-04-09,6718
CSMIA T2,3,2025-04-10,6711
CSMIA T2,3,2025-04-11,6716
CSMIA T2,3,2025-04-12,6185
CSMIA T2,3,2025-04-13,6261
CSMIA T2,3,2025-04-14,6783
CSMIA T2,3,2025-04-15,6654
CSMIA T2,3,2025-04-16,6715
CSMIA T2,3,2025-04-17,6707
CSMIA T2,3,2025-04-18,6713
CSMIA T2,3,2025-04-19,6181
CSMIA T2,3,2025-04-20,6258
CSMIA T2,3,2025-04-21,6787
CSMIA T2,3,2025-04-22,6662
CSMIA T2,3,2025-04-23,6715
CSMIA T2,3,2025-04-24,6707
CSMIA T2,3,2025-04-25,6713
CSMIA T2,3,2025-04-26,6181
CSMIA T2,3,2025-04-27,6258
CSMIA T2,3,2025-04-28,6787
CSMIA T2,3,2025-04-29,6662
CSMIA T2,3,2025-04-30,6715
CSMT,3,2025-04-01,16575
CSMT,3,2025-04-02,16673
CSMT,3,2025-04-03,16654
CSMT,3,2025-04-04,16678
CSMT,3,2025-04-05,16195
CSMT,3,2025-04-06,16240
CSMT,3,2025-04-07,16608
CSMT,3,2025-04-08,16575
CSMT,3,2025-04-09,16673
CSMT,3,2025-04-10,16654
CSMT,3,2025-04-11,16678
CSMT,3,2025-04-12,16195
CSMT,3,2025-04-13,16240
CSMT,3,2025-04-14,16597
CSMT,3,2025-04-15,16564
CSMT,3,2025-04-16,16662
CSMT,3,2025-04-17,16643
CSMT,3,2025-04-18,16675
CSMT,3,2025-04-19,16191
CSMT,3,2025-04-20,16237
CSMT,3,2025-04-21,16607
CSMT,3,2025-04-22,16579
CSMT,3,2025-04-23,16672
CSMT,3,2025-04-24,16653
CSMT,3,2025-04-25,16675
CSMT,3,2025-04-26,16191
CSMT,3,2025-04-27,16237
CSMT,3,2025-04-28,16607
CSMT,3,2025-04-29,16579
CSMT,3,2025-04-30,16672
Chakala (JB Nagar),1,2025-04-01,29067
Chakala (JB Nagar),1,2025-04-02,29161
Chakala (JB Nagar),1,2025-04-03,29156
Chakala (JB Nagar),1,2025-04-04,29061
Chakala (JB Nagar),1,2025-04-05,27788
Chakala (JB Nagar),1,2025-04-06,28440
Chakala (JB Nagar),1,2025-04-07,29119
Chakala (JB Nagar),1,2025-04-08,29067
Chakala (JB Nagar),1,2025-04-09,29161
Chakala (JB Nagar),1,2025-04-10,29156
Chakala (JB Nagar),1,2025-04-11,29061
Chakala (JB Nagar),1,2025-04-12,27788
Chakala (JB Nagar),1,2025-04-13,28416
Chakala (JB Nagar),1,2025-04-14,29083
Chakala (JB Nagar),1,2025-04-15,29031
Chakala (JB Nagar),1,2025-04-16,29125
Chakala (JB Nagar),1,2025-04-17,29120
Chakala (JB Nagar),1,2025-04-18,29033
Chakala (JB Nagar),1,2025-04-19,27760
Chakala (JB Nagar),1,2025-04-20,28412
Chakala (JB Nagar),1,2025-04-21,29096
Chakala (JB Nagar),1,2025-04-22,29049
Chakala (JB Nagar),1,2025-04-23,29137
Chakala (JB Nagar),1,2025-04-24,29133
Chakala (JB Nagar),1,2025-04-25,29033
Chakala (JB Nagar),1,2025-04-26,27760
Chakala (JB Nagar),1,2025-04-27,28412
Chakala (JB Nagar),1,2025-04-28,29096
Chakala (JB Nagar),1,2025-04-29,29049
Chakala (JB Nagar),1,2025-04-30,29137
Churchgate,3,2025-04-01,16094
Churchgate,3,2025-04-02,16185
Churchgate,3,2025-04-03,16202
Churchgate,3,2025-04-04,16220
Churchgate,3,2025-04-05,15543
Churchgate,3,2025-04-06,15566
Churchgate,3,2025-04-07,16162
Churchgate,3,2025-04-08,16094
Churchgate,3,2025-04-09,16185
Churchgate,3,2025-04-10,16202
Churchgate,3,2025-04-11,16220
Churchgate,3,2025-04-12,15543
Churchgate,3,2025-04-13,15566
Churchgate,3,2025-04-14,16150
Churchgate,3,2025-04-15,16082
Churchgate,3,2025-04-16,16174
Churchgate,3,2025-04-17,16190
Churchgate,3,2025-04-18,16217
Churchgate,3,2025-04-19,15540
Churchgate,3,2025-04-20,15562
Churchgate,3,2025-04-21,16161
Churchgate,3,2025-04-22,16097
Churchgate,3,2025-04-23,16184
Churchgate,3,2025-04-24,16200
Churchgate,3,2025-04-25,16217
Churchgate,3,2025-04-26,15540
Churchgate,3,2025-04-27,15562
Churchgate,3,2025-04-28,16161
Churchgate,3,2025-04-29,16097
Churchgate,3,2025-04-30,16184
Cuffe Parade,3,2025-04-01,7419
Cuffe Parade,3,2025-04-02,7487
Cuffe Parade,3,2025-04-03,7479
Cuffe Parade,3,2025-04-04,7473
Cuffe Parade,3,2025-04-05,6952
Cuffe Parade,3,2025-04-06,7029
Cuffe Parade,3,2025-04-07,7536
Cuffe Parade,3,2025-04-08,7419
Cuffe Parade,3,2025-04-09,7487
Cuffe Parade,3,2025-04-10,7479
Cuffe Parade,3,2025-04-11,7473
Cuffe Parade,3,2025-04-12,6952
Cuffe Parade,3,2025-04-13,7029
Cuffe Parade,3,2025-04-14,7533
Cuffe Parade,3,2025-04-15,7415
Cuffe Parade,3,2025-04-16,7483
Cuffe Parade,3,2025-04-17,7475
Cuffe Parade,3,2025-04-18,7470
Cuffe Parade,3,2025-04-19,6949
Cuffe Parade,3,2025-04-20,7026
Cuffe Parade,3,2025-04-21,7537
Cuffe Parade,3,2025-04-22,7424
Cuffe Parade,3,2025-04-23,7483
Cuffe Parade,3,2025-04-24,7475
Cuffe Parade,3,2025-04-25,7470
Cuffe Parade,3,2025-04-26,6949
Cuffe Parade,3,2025-04-27,7026
Cuffe Parade,3,2025-04-28,7537
Cuffe Parade,3,2025-04-29,7424
Cuffe Parade,3,2025-04-30,7483
D.N. Nagar,1,2025-04-01,40905
D.N. Nagar,1,2025-04-02,41011
D.N. Nagar,1,2025-04-03,40988
D.N. Nagar,1,2025-04-04,41010
D.N. Nagar,1,2025-04-05,39319
D.N. Nagar,1,2025-04-06,39461
D.N. Nagar,1,2025-04-07,40956
D.N. Nagar,1,2025-04-08,40905
D.N. Nagar,1,2025-04-09,41011
D.N. Nagar,1,2025-04-10,40988
D.N. Nagar,1,2025-04-11,41010
D.N. Nagar,1,2025-04-12,39319
D.N. Nagar,1,2025-04-13,39461
D.N. Nagar,1,2025-04-14,40945
D.N. Nagar,1,2025-04-15,40894
D.N. Nagar,1,2025-04-16,41000
D.N. Nagar,1,2025-04-17,40977
D.N. Nagar,1,2025-04-18,41007
D.N. Nagar,1,2025-04-19,39316
D.N. Nagar,1,2025-04-20,39458
D.N. Nagar,1,2025-04-21,40957
D.N. Nagar,1,2025-04-22,40912
D.N. Nagar,1,2025-04-23,41012
D.N. Nagar,1,2025-04-24,40989
D.N. Nagar,1,2025-04-25,41007
D.N. Nagar,1,2025-04-26,39316
D.N. Nagar,1,2025-04-27,39458
D.N. Nagar,1,2025-04-28,40957
D.N. Nagar,1,2025-04-29,40912
D.N. Nagar,1,2025-04-30,41012
DN Nagar,2A,2025-04-01,26174
DN Nagar,2A,2025-04-02,26212
DN Nagar,2A,2025-04-03,26190
DN Nagar,2A,2025-04-04,26140
DN Nagar,2A,2025-04-05,24912
DN Nagar,2A,2025-04-06,25646
DN Nagar,2A,2025-04-07,26209
DN Nagar,2A,2025-04-08,26174
DN Nagar,2A,2025-04-09,26212
DN Nagar,2A,2025-04-10,26190
DN Nagar,2A,2025-04-11,26140
DN Nagar,2A,2025-04-12,24912
DN Nagar,2A,2025-04-13,25646
DN Nagar,2A,2025-04-14,26198
DN Nagar,2A,2025-04-15,26163
DN Nagar,2A,2025-04-16,26200
DN Nagar,2A,2025-04-17,26179
DN Nagar,2A,2025-04-18,26137
DN Nagar,2A,2025-04-19,24909
DN Nagar,2A,2025-04-20,25643
DN Nagar,2A,2025-04-21,26211
DN Nagar,2A,2025-04-22,26181
DN Nagar,2A,2025-04-23,26213
DN Nagar,2A,2025-04-24,26192
DN Nagar,2A,2025-04-25,26137
DN Nagar,2A,2025-04-26,24909
DN Nagar,2A,2025-04-27,25643
DN Nagar,2A,2025-04-28,26211
DN Nagar,2A,2025-04-29,26181
DN Nagar,2A,2025-04-30,26213
Dadar,3,2025-04-01,16322
Dadar,3,2025-04-02,16413
Dadar,3,2025-04-03,16457
Dadar,3,2025-04-04,16491
Dadar,3,2025-04-05,15857
Dadar,3,2025-04-06,15871
Dadar,3,2025-04-07,16417
Dadar,3,2025-04-08,16322
Dadar,3,2025-04-09,16413
Dadar,3,2025-04-10,16457
Dadar,3,2025-04-11,16491
Dadar,3,2025-04-12,15857
Dadar,3,2025-04-13,15871
Dadar,3,2025-04-14,16406
Dadar,3,2025-04-15,16310
Dadar,3,2025-04-16,16402
Dadar,3,2025-04-17,16446
Dadar,3,2025-04-18,16487
Dadar,3,2025-04-19,15854
Dadar,3,2025-04-20,15868
Dadar,3,2025-04-21,16416
Dadar,3,2025-04-22,16325
Dadar,3,2025-04-23,16412
Dadar,3,2025-04-24,16456
Dadar,3,2025-04-25,16487
Dadar,3,2025-04-26,15854
Dadar,3,2025-04-27,15868
Dadar,3,2025-04-28,16416
Dadar,3,2025-04-29,16325
Dadar,3,2025-04-30,16412
Dahanukarwadi,2A,2025-04-01,13587
Dahanukarwadi,2A,2025-04-02,13679
Dahanukarwadi,2A,2025-04-03,13670
Dahanukarwadi,2A,2025-04-04,13683
Dahanukarwadi,2A,2025-04-05,12969
Dahanukarwadi,2A,2025-04-06,13005
Dahanukarwadi,2A,2025-04-07,13646
Dahanukarwadi,2A,2025-04-08,13587
Dahanukarwadi,2A,2025-04-09,13679
Dahanukarwadi,2A,2025-04-10,13670
Dahanukarwadi,2A,2025-04-11,13683
Dahanukarwadi,2A,2025-04-12,12969
Dahanukarwadi,2A,2025-04-13,13005
Dahanukarwadi,2A,2025-04-14,13635
Dahanukarwadi,2A,2025-04-15,13576
Dahanukarwadi,2A,2025-04-16,13668
Dahanukarwadi,2A,2025-04-17,13658
Dahanukarwadi,2A,2025-04-18,13680
Dahanukarwadi,2A,2025-04-19,12965
Dahanukarwadi,2A,2025-04-20,13001
Dahanukarwadi,2A,2025-04-21,13645
Dahanukarwadi,2A,2025-04-22,13591
Dahanukarwadi,2A,2025-04-23,13678
Dahanukarwadi,2A,2025-04-24,13668
Dahanukarwadi,2A,2025-04-25,13680
Dahanukarwadi,2A,2025-04-26,12965
Dahanukarwadi,2A,2025-04-27,13001
Dahanukarwadi,2A,2025-04-28,13645
Dahanukarwadi,2A,2025-04-29,13591
Dahanukarwadi,2A,2025-04-30,13678
Dahisar (E),7,2025-04-01,21302
Dahisar (E),7,2025-04-02,21391
Dahisar (E),7,2025-04-03,21390
Dahisar (E),7,2025-04-04,21391
Dahisar (E),7,2025-04-05,20490
Dahisar (E),7,2025-04-06,20567
Dahisar (E),7,2025-04-07,21346
Dahisar (E),7,2025-04-08,21302
Dahisar (E),7,2025-04-09,21391
Dahisar (E),7,2025-04-10,21390
Dahisar (E),7,2025-04-11,21391
Dahisar (E),7,2025-04-12,20490
Dahisar (E),7,2025-04-13,20567
Dahisar (E),7,2025-04-14,21335
Dahisar (E),7,2025-04-15,21290
Dahisar (E),7,2025-04-16,21380
Dahisar (E),7,2025-04-17,21379
Dahisar (E),7,2025-04-18,21387
Dahisar (E),7,2025-04-19,20487
Dahisar (E),7,2025-04-20,20563
Dahisar (E),7,2025-04-21,21347
Dahisar (E),7,2025-04-22,21308
Dahisar (E),7,2025-04-23,21393
Dahisar (E),7,2025-04-24,21392
Dahisar (E),7,2025-04-25,21387
Dahisar (E),7,2025-04-26,20487
Dahisar (E),7,2025-04-27,20563
Dahisar (E),7,2025-04-28,21347
Dahisar (E),7,2025-04-29,21308
Dahisar (E),7,2025-04-30,21393
Dahisar (E) 2A,2A,2025-04-01,23009
Dahisar (E) 2A,2A,2025-04-02,23084
Dahisar (E) 2A,2A,2025-04-03,23083
Dahisar (E) 2A,2A,2025-04-04,23102
Dahisar (E) 2A,2A,2025-04-05,21758
Dahisar (E) 2A,2A,2025-04-06,21844
Dahisar (E) 2A,2A,2025-04-07,23044
Dahisar (E) 2A,2A,2025-04-08,23009
Dahisar (E) 2A,2A,2025-04-09,23084
Dahisar (E) 2A,2A,2025-04-10,23083
Dahisar (E) 2A,2A,2025-04-11,23102
Dahisar (E) 2A,2A,2025-04-12,21758
Dahisar (E) 2A,2A,2025-04-13,21844
Dahisar (E) 2A,2A,2025-04-14,23033
Dahisar (E) 2A,2A,2025-04-15,22998
Dahisar (E) 2A,2A,2025-04-16,23073
Dahisar (E) 2A,2A,2025-04-17,23072
Dahisar (E) 2A,2A,2025-04-18,23098
Dahisar (E) 2A,2A,2025-04-19,21754
Dahisar (E) 2A,2A,2025-04-20,21841
Dahisar (E) 2A,2A,2025-04-21,23045
Dahisar (E) 2A,2A,2025-04-22,23015
Dahisar (E) 2A,2A,2025-04-23,23085
Dahisar (E) 2A,2A,2025-04-24,23084
Dahisar (E) 2A,2A,2025-04-25,23098
Dahisar (E) 2A,2A,2025-04-26,21754
Dahisar (E) 2A,2A,2025-04-27,21841
Dahisar (E) 2A,2A,2025-04-28,23045
Dahisar (E) 2A,2A,2025-04-29,23015
Dahisar (E) 2A,2A,2025-04-30,23085
Devipada,7,2025-04-01,3110
Devipada,7,2025-04-02,3167
Devipada,7,2025-04-03,3160
Devipada,7,2025-04-04,3160
Devipada,7,2025-04-05,2898
Devipada,7,2025-04-06,2979
Devipada,7,2025-04-07,3214
Devipada,7,2025-04-08,3110
Devipada,7,2025-04-09,3167
Devipada,7,2025-04-10,3160
Devipada,7,2025-04-11,3160
Devipada,7,2025-04-12,2898
Devipada,7,2025-04-13,2979
Devipada,7,2025-04-14,3215
Devipada,7,2025-04-15,3111
Devipada,7,2025-04-16,3168
Devipada,7,2025-04-17,3161
Devipada,7,2025-04-18,3161
Devipada,7,2025-04-19,2899
Devipada,7,2025-04-20,2980
Devipada,7,2025-04-21,3219
Devipada,7,2025-04-22,3119
Devipada,7,2025-04-23,3168
Devipada,7,2025-04-24,3161
Devipada,7,2025-04-25,3161
Devipada,7,2025-04-26,2899
Devipada,7,2025-04-27,2980
Devipada,7,2025-04-28,3219
Devipada,7,2025-04-29,3119
Devipada,7,2025-04-30,3168
Dharavi,3,2025-04-01,11320
Dharavi,3,2025-04-02,11416
Dharavi,3,2025-04-03,11404
Dharavi,3,2025-04-04,11430
Dharavi,3,2025-04-05,10645
Dharavi,3,2025-04-06,10708
Dharavi,3,2025-04-07,11595
Dharavi,3,2025-04-08,11320
Dharavi,3,2025-04-09,11416
Dharavi,3,2025-04-10,11404
Dharavi,3,2025-04-11,11430
Dharavi,3,2025-04-12,10645
Dharavi,3,2025-04-13,10708
Dharavi,3,2025-04-14,11592
Dharavi,3,2025-04-15,11317
Dharavi,3,2025-04-16,11413
Dharavi,3,2025-04-17,11400
Dharavi,3,2025-04-18,11426
Dharavi,3,2025-04-19,10641
Dharavi,3,2025-04-20,10704
Dharavi,3,2025-04-21,11592
Dharavi,3,2025-04-22,11322
Dharavi,3,2025-04-23,11413
Dharavi,3,2025-04-24,11400
Dharavi,3,2025-04-25,11426
Dharavi,3,2025-04-26,10641
Dharavi,3,2025-04-27,10704
Dharavi,3,2025-04-28,11592
Dharavi,3,2025-04-29,11322
Dharavi,3,2025-04-30,11413
Dindoshi,7,2025-04-01,11980
Dindoshi,7,2025-04-02,12083
Dindoshi,7,2025-04-03,12071
Dindoshi,7,2025-04-04,12077
Dindoshi,7,2025-04-05,11310
Dindoshi,7,2025-04-06,11357
Dindoshi,7,2025-04-07,12031
Dindoshi,7,2025-04-08,11980
Dindoshi,7,2025-04-09,12083
Dindoshi,7,2025-04-10,12071
Dindoshi,7,2025-04-11,12077
Dindoshi,7,2025-04-12,11310
Dindoshi,7,2025-04-13,11357
Dindoshi,7,2025-04-14,12027
Dindoshi,7,2025-04-15,11976
Dindoshi,7,2025-04-16,12080
Dindoshi,7,2025-04-17,12067
Dindoshi,7,2025-04-18,12074
Dindoshi,7,2025-04-19,11306
Dindoshi,7,2025-04-20,11354
Dindoshi,7,2025-04-21,12027
Dindoshi,7,2025-04-22,11981
Dindoshi,7,2025-04-23,12080
Dindoshi,7,2025-04-24,12067
Dindoshi,7,2025-04-25,12074
Dindoshi,7,2025-04-26,11306
Dindoshi,7,2025-04-27,11354
Dindoshi,7,2025-04-28,12027
Dindoshi,7,2025-04-29,11981
Dindoshi,7,2025-04-30,12080
Eksar,2A,2025-04-01,13063
Eksar,2A,2025-04-02,13171
Eksar,2A,2025-04-03,13161
Eksar,2A,2025-04-04,13209
Eksar,2A,2025-04-05,12492
Eksar,2A,2025-04-06,12528
Eksar,2A,2025-04-07,13149
Eksar,2A,2025-04-08,13063
Eksar,2A,2025-04-09,13171
Eksar,2A,2025-04-10,13161
Eksar,2A,2025-04-11,13209
Eksar,2A,2025-04-12,12492
Eksar,2A,2025-04-13,12528
Eksar,2A,2025-04-14,13138
Eksar,2A,2025-04-15,13052
Eksar,2A,2025-04-16,13159
Eksar,2A,2025-04-17,13150
Eksar,2A,2025-04-18,13205
Eksar,2A,2025-04-19,12488
Eksar,2A,2025-04-20,12525
Eksar,2A,2025-04-21,13148
Eksar,2A,2025-04-22,13067
Eksar,2A,2025-04-23,13169
Eksar,2A,2025-04-24,13160
Eksar,2A,2025-04-25,13205
Eksar,2A,2025-04-26,12488
Eksar,2A,2025-04-27,12525
Eksar,2A,2025-04-28,13148
Eksar,2A,2025-04-29,13067
Eksar,2A,2025-04-30,13169
Ghatkopar,1,2025-04-01,46273
Ghatkopar,1,2025-04-02,46357
Ghatkopar,1,2025-04-03,46280
Ghatkopar,1,2025-04-04,46359
Ghatkopar,1,2025-04-05,42766
Ghatkopar,1,2025-04-06,43050
Ghatkopar,1,2025-04-07,46266
Ghatkopar,1,2025-04-08,46243
Ghatkopar,1,2025-04-09,46326
Ghatkopar,1,2025-04-10,46250
Ghatkopar,1,2025-04-11,46329
Ghatkopar,1,2025-04-12,42735
Ghatkopar,1,2025-04-13,43019
Ghatkopar,1,2025-04-14,46254
Ghatkopar,1,2025-04-15,46232
Ghatkopar,1,2025-04-16,46331
Ghatkopar,1,2025-04-17,46256
Ghatkopar,1,2025-04-18,46343
Ghatkopar,1,2025-04-19,42761
Ghatkopar,1,2025-04-20,43045
Ghatkopar,1,2025-04-21,46314
Ghatkopar,1,2025-04-22,46283
Ghatkopar,1,2025-04-23,46356
Ghatkopar,1,2025-04-24,46269
Ghatkopar,1,2025-04-25,46343
Ghatkopar,1,2025-04-26,42761
Ghatkopar,1,2025-04-27,43045
Ghatkopar,1,2025-04-28,46314
Ghatkopar,1,2025-04-29,46283
Ghatkopar,1,2025-04-30,46356
Girgaon,3,2025-04-01,6965
Girgaon,3,2025-04-02,7033
Girgaon,3,2025-04-03,7025
Girgaon,3,2025-04-04,7020
Girgaon,3,2025-04-05,6461
Girgaon,3,2025-04-06,6537
Girgaon,3,2025-04-07,7083
Girgaon,3,2025-04-08,6965
Girgaon,3,2025-04-09,7033
Girgaon,3,2025-04-10,7025
Girgaon,3,2025-04-11,7020
Girgaon,3,2025-04-12,6461
Girgaon,3,2025-04-13,6537
Girgaon,3,2025-04-14,7079
Girgaon,3,2025-04-15,6962
Girgaon,3,2025-04-16,7029
Girgaon,3,2025-04-17,7022
Girgaon,3,2025-04-18,7016
Girgaon,3,2025-04-19,6457
Girgaon,3,2025-04-20,6534
Girgaon,3,2025-04-21,7083
Girgaon,3,2025-04-22,6970
Girgaon,3,2025-04-23,7029
Girgaon,3,2025-04-24,7022
Girgaon,3,2025-04-25,7016
Girgaon,3,2025-04-26,6457
Girgaon,3,2025-04-27,6534
Girgaon,3,2025-04-28,7083
Girgaon,3,2025-04-29,6970
Girgaon,3,2025-04-30,7029
Goregaon (E),7,2025-04-01,18878
Goregaon (E),7,2025-04-02,19020
Goregaon (E),7,2025-04-03,19059
Goregaon (E),7,2025-04-04,19101
Goregaon (E),7,2025-04-05,18458
Goregaon (E),7,2025-04-06,18473
Goregaon (E),7,2025-04-07,18930
Goregaon (E),7,2025-04-08,18859
Goregaon (E),7,2025-04-09,19020
Goregaon (E),7,2025-04-10,19059
Goregaon (E),7,2025-04-11,19101
Goregaon (E),7,2025-04-12,18458
Goregaon (E),7,2025-04-13,18473
Goregaon (E),7,2025-04-14,18919
Goregaon (E),7,2025-04-15,18848
Goregaon (E),7,2025-04-16,19008
Goregaon (E),7,2025-04-17,19048
Goregaon (E),7,2025-04-18,19098
Goregaon (E),7,2025-04-19,18455
Goregaon (E),7,2025-04-20,18469
Goregaon (E),7,2025-04-21,18929
Goregaon (E),7,2025-04-22,18863
Goregaon (E),7,2025-04-23,19018
Goregaon (E),7,2025-04-24,19058
Goregaon (E),7,2025-04-25,19098
Goregaon (E),7,2025-04-26,18455
Goregaon (E),7,2025-04-27,18469
Goregaon (E),7,2025-04-28,18929
Goregaon (E),7,2025-04-29,18863
Goregaon (E),7,2025-04-30,19018
Goregaon (W),2A,2025-04-01,21866
Goregaon (W),2A,2025-04-02,21929
Goregaon (W),2A,2025-04-03,21934
Goregaon (W),2A,2025-04-04,21934
Goregaon (W),2A,2025-04-05,20467
Goregaon (W),2A,2025-04-06,21135
Goregaon (W),2A,2025-04-07,21910
Goregaon (W),2A,2025-04-08,21866
Goregaon (W),2A,2025-04-09,21929
Goregaon (W),2A,2025-04-10,21934
Goregaon (W),2A,2025-04-11,21934
Goregaon (W),2A,2025-04-12,20467
Goregaon (W),2A,2025-04-13,21135
Goregaon (W),2A,2025-04-14,21898
Goregaon (W),2A,2025-04-15,21854
Goregaon (W),2A,2025-04-16,21918
Goregaon (W),2A,2025-04-17,21923
Goregaon (W),2A,2025-04-18,21931
Goregaon (W),2A,2025-04-19,20463
Goregaon (W),2A,2025-04-20,21132
Goregaon (W),2A,2025-04-21,21911
Goregaon (W),2A,2025-04-22,21872
Goregaon (W),2A,2025-04-23,21930
Goregaon (W),2A,2025-04-24,21935
Goregaon (W),2A,2025-04-25,21931
Goregaon (W),2A,2025-04-26,20463
Goregaon (W),2A,2025-04-27,21132
Goregaon (W),2A,2025-04-28,21911
Goregaon (W),2A,2025-04-29,21872
Goregaon (W),2A,2025-04-30,21930
Grant Road,3,2025-04-01,7504
Grant Road,3,2025-04-02,7570
Grant Road,3,2025-04-03,7562
Grant Road,3,2025-04-04,7558
Grant Road,3,2025-04-05,7040
Grant Road,3,2025-04-06,7129
Grant Road,3,2025-04-07,7607
Grant Road,3,2025-04-08,7504
Grant Road,3,2025-04-09,7570
Grant Road,3,2025-04-10,7562
Grant Road,3,2025-04-11,7558
Grant Road,3,2025-04-12,7040
Grant Road,3,2025-04-13,7129
Grant Road,3,2025-04-14,7603
Grant Road,3,2025-04-15,7500
Grant Road,3,2025-04-16,7566
Grant Road,3,2025-04-17,7559
Grant Road,3,2025-04-18,7554
Grant Road,3,2025-04-19,7037
Grant Road,3,2025-04-20,7126
Grant Road,3,2025-04-21,7607
Grant Road,3,2025-04-22,7509
Grant Road,3,2025-04-23,7566
Grant Road,3,2025-04-24,7559
Grant Road,3,2025-04-25,7554
Grant Road,3,2025-04-26,7037
Grant Road,3,2025-04-27,7126
Grant Road,3,2025-04-28,7607
Grant Road,3,2025-04-29,7509
Grant Road,3,2025-04-30,7566
Gundavali,7,2025-04-01,22940
Gundavali,7,2025-04-02,23022
Gundavali,7,2025-04-03,23025
Gundavali,7,2025-04-04,22957
Gundavali,7,2025-04-05,22082
Gundavali,7,2025-04-06,22114
Gundavali,7,2025-04-07,22975
Gundavali,7,2025-04-08,22940
Gundavali,7,2025-04-09,23022
Gundavali,7,2025-04-10,23025
Gundavali,7,2025-04-11,22957
Gundavali,7,2025-04-12,22082
Gundavali,7,2025-04-13,22114
Gundavali,7,2025-04-14,22964
Gundavali,7,2025-04-15,22929
Gundavali,7,2025-04-16,23010
Gundavali,7,2025-04-17,23014
Gundavali,7,2025-04-18,22954
Gundavali,7,2025-04-19,22078
Gundavali,7,2025-04-20,22110
Gundavali,7,2025-04-21,22977
Gundavali,7,2025-04-22,22947
Gundavali,7,2025-04-23,23023
Gundavali,7,2025-04-24,23026
Gundavali,7,2025-04-25,22954
Gundavali,7,2025-04-26,22078
Gundavali,7,2025-04-27,22110
Gundavali,7,2025-04-28,22977
Gundavali,7,2025-04-29,22947
Gundavali,7,2025-04-30,23023
Hutatma Chowk,3,2025-04-01,7559
Hutatma Chowk,3,2025-04-02,7627
Hutatma Chowk,3,2025-04-03,7619
Hutatma Chowk,3,2025-04-04,7614
Hutatma Chowk,3,2025-04-05,7065
Hutatma Chowk,3,2025-04-06,7158
Hutatma Chowk,3,2025-04-07,7677
Hutatma Chowk,3,2025-04-08,7559
Hutatma Chowk,3,2025-04-09,7627
Hutatma Chowk,3,2025-04-10,7619
Hutatma Chowk,3,2025-04-11,7614
Hutatma Chowk,3,2025-04-12,7065
Hutatma Chowk,3,2025-04-13,7158
Hutatma Chowk,3,2025-04-14,7673
Hutatma Chowk,3,2025-04-15,7555
Hutatma Chowk,3,2025-04-16,7623
Hutatma Chowk,3,2025-04-17,7616
Hutatma Chowk,3,2025-04-18,7610
Hutatma Chowk,3,2025-04-19,7061
Hutatma Chowk,3,2025-04-20,7154
Hutatma Chowk,3,2025-04-21,7677
Hutatma Chowk,3,2025-04-22,7564
Hutatma Chowk,3,2025-04-23,7623
Hutatma Chowk,3,2025-04-24,7616
Hutatma Chowk,3,2025-04-25,7610
Hutatma Chowk,3,2025-04-26,7061
Hutatma Chowk,3,2025-04-27,7154
Hutatma Chowk,3,2025-04-28,7677
Hutatma Chowk,3,2025-04-29,7564
Hutatma Chowk,3,2025-04-30,7623
Jagruti Nagar,1,2025-04-01,21317
Jagruti Nagar,1,2025-04-02,21449
Jagruti Nagar,1,2025-04-03,21475
Jagruti Nagar,1,2025-04-04,21476
Jagruti Nagar,1,2025-04-05,20654
Jagruti Nagar,1,2025-04-06,20730
Jagruti Nagar,1,2025-04-07,21361
Jagruti Nagar,1,2025-04-08,21317
Jagruti Nagar,1,2025-04-09,21449
Jagruti Nagar,1,2025-04-10,21475
Jagruti Nagar,1,2025-04-11,21476
Jagruti Nagar,1,2025-04-12,20654
Jagruti Nagar,1,2025-04-13,20730
Jagruti Nagar,1,2025-04-14,21350
Jagruti Nagar,1,2025-04-15,21306
Jagruti Nagar,1,2025-04-16,21438
Jagruti Nagar,1,2025-04-17,21464
Jagruti Nagar,1,2025-04-18,21473
Jagruti Nagar,1,2025-04-19,20650
Jagruti Nagar,1,2025-04-20,20727
Jagruti Nagar,1,2025-04-21,21363
Jagruti Nagar,1,2025-04-22,21323
Jagruti Nagar,1,2025-04-23,21450
Jagruti Nagar,1,2025-04-24,21476
Jagruti Nagar,1,2025-04-25,21473
Jagruti Nagar,1,2025-04-26,20650
Jagruti Nagar,1,2025-04-27,20727
Jagruti Nagar,1,2025-04-28,21363
Jagruti Nagar,1,2025-04-29,21323
Jagruti Nagar,1,2025-04-30,21450
Jogeshwari (E),7,2025-04-01,18413
Jogeshwari (E),7,2025-04-02,18566
Jogeshwari (E),7,2025-04-03,18578
Jogeshwari (E),7,2025-04-04,18634
Jogeshwari (E),7,2025-04-05,18007
Jogeshwari (E),7,2025-04-06,18027
Jogeshwari (E),7,2025-04-07,18460
Jogeshwari (E),7,2025-04-08,18394
Jogeshwari (E),7,2025-04-09,18566
Jogeshwari (E),7,2025-04-10,18578
Jogeshwari (E),7,2025-04-11,18634
Jogeshwari (E),7,2025-04-12,18007
Jogeshwari (E),7,2025-04-13,18027
Jogeshwari (E),7,2025-04-14,18449
Jogeshwari (E),7,2025-04-15,18382
Jogeshwari (E),7,2025-04-16,18555
Jogeshwari (E),7,2025-04-17,18567
Jogeshwari (E),7,2025-04-18,18631
Jogeshwari (E),7,2025-04-19,18003
Jogeshwari (E),7,2025-04-20,18024
Jogeshwari (E),7,2025-04-21,18459
Jogeshwari (E),7,2025-04-22,18397
Jogeshwari (E),7,2025-04-23,18565
Jogeshwari (E),7,2025-04-24,18577
Jogeshwari (E),7,2025-04-25,18631
Jogeshwari (E),7,2025-04-26,18003
Jogeshwari (E),7,2025-04-27,18024
Jogeshwari (E),7,2025-04-28,18459
Jogeshwari (E),7,2025-04-29,18397
Jogeshwari (E),7,2025-04-30,18565
Kalbadevi,3,2025-04-01,10826
Kalbadevi,3,2025-04-02,10932
Kalbadevi,3,2025-04-03,10919
Kalbadevi,3,2025-04-04,10913
Kalbadevi,3,2025-04-05,10219
Kalbadevi,3,2025-04-06,10262
Kalbadevi,3,2025-04-07,10980
Kalbadevi,3,2025-04-08,10826
Kalbadevi,3,2025-04-09,10932
Kalbadevi,3,2025-04-10,10919
Kalbadevi,3,2025-04-11,10913
Kalbadevi,3,2025-04-12,10219
Kalbadevi,3,2025-04-13,10262
Kalbadevi,3,2025-04-14,10977
Kalbadevi,3,2025-04-15,10822
Kalbadevi,3,2025-04-16,10928
Kalbadevi,3,2025-04-17,10916
Kalbadevi,3,2025-04-18,10910
Kalbadevi,3,2025-04-19,10216
Kalbadevi,3,2025-04-20,10258
Kalbadevi,3,2025-04-21,10977
Kalbadevi,3,2025-04-22,10827
Kalbadevi,3,2025-04-23,10928
Kalbadevi,3,2025-04-24,10916
Kalbadevi,3,2025-04-25,10910
Kalbadevi,3,2025-04-26,10216
Kalbadevi,3,2025-04-27,10258
Kalbadevi,3,2025-04-28,10977
Kalbadevi,3,2025-04-29,10827
Kalbadevi,3,2025-04-30,10928
Kandarpada,2A,2025-04-01,12492
Kandarpada,2A,2025-04-02,12624
Kandarpada,2A,2025-04-03,12612
Kandarpada,2A,2025-04-04,12677
Kandarpada,2A,2025-04-05,11983
Kandarpada,2A,2025-04-06,12035
Kandarpada,2A,2025-04-07,12569
Kandarpada,2A,2025-04-08,12492
Kandarpada,2A,2025-04-09,12624
Kandarpada,2A,2025-04-10,12612
Kandarpada,2A,2025-04-11,12677
Kandarpada,2A,2025-04-12,11983
Kandarpada,2A,2025-04-13,12035
Kandarpada,2A,2025-04-14,12566
Kandarpada,2A,2025-04-15,12489
Kandarpada,2A,2025-04-16,12621
Kandarpada,2A,2025-04-17,12608
Kandarpada,2A,2025-04-18,12673
Kandarpada,2A,2025-04-19,11980
Kandarpada,2A,2025-04-20,12031
Kandarpada,2A,2025-04-21,12566
Kandarpada,2A,2025-04-22,12494
Kandarpada,2A,2025-04-23,12621
Kandarpada,2A,2025-04-24,12608
Kandarpada,2A,2025-04-25,12673
Kandarpada,2A,2025-04-26,11980
Kandarpada,2A,2025-04-27,12031
Kandarpada,2A,2025-04-28,12566
Kandarpada,2A,2025-04-29,12494
Kandarpada,2A,2025-04-30,12621
Kandivali (E),7,2025-04-01,17955
Kandivali (E),7,2025-04-02,18105
Kandivali (E),7,2025-04-03,18145
Kandivali (E),7,2025-04-04,18173
Kandivali (E),7,2025-04-05,17494
Kandivali (E),7,2025-04-06,17522
Kandivali (E),7,2025-04-07,18026
Kandivali (E),7,2025-04-08,17955
Kandivali (E),7,2025-04-09,18105
Kandivali (E),7,2025-04-10,18145
Kandivali (E),7,2025-04-11,18173
Kandivali (E),7,2025-04-12,17494
Kandivali (E),7,2025-04-13,17522
Kandivali (E),7,2025-04-14,18015
Kandivali (E),7,2025-04-15,17944
Kandivali (E),7,2025-04-16,18094
Kandivali (E),7,2025-04-17,18133
Kandivali (E),7,2025-04-18,18170
Kandivali (E),7,2025-04-19,17491
Kandivali (E),7,2025-04-20,17518
Kandivali (E),7,2025-04-21,18025
Kandivali (E),7,2025-04-22,17959
Kandivali (E),7,2025-04-23,18104
Kandivali (E),7,2025-04-24,18143
Kandivali (E),7,2025-04-25,18170
Kandivali (E),7,2025-04-26,17491
Kandivali (E),7,2025-04-27,17518
Kandivali (E),7,2025-04-28,18025
Kandivali (E),7,2025-04-29,17959
Kandivali (E),7,2025-04-30,18104
Kandivali (W),2A,2025-04-01,17984
Kandivali (W),2A,2025-04-02,18162
Kandivali (W),2A,2025-04-03,18184
Kandivali (W),2A,2025-04-04,18207
Kandivali (W),2A,2025-04-05,17608
Kandivali (W),2A,2025-04-06,17668
Kandivali (W),2A,2025-04-07,18056
Kandivali (W),2A,2025-04-08,17984
Kandivali (W),2A,2025-04-09,18162
Kandivali (W),2A,2025-04-10,18184
Kandivali (W),2A,2025-04-11,18207
Kandivali (W),2A,2025-04-12,17608
Kandivali (W),2A,2025-04-13,17668
Kandivali (W),2A,2025-04-14,18045
Kandivali (W),2A,2025-04-15,17973
Kandivali (W),2A,2025-04-16,18151
Kandivali (W),2A,2025-04-17,18173
Kandivali (W),2A,2025-04-18,18204
Kandivali (W),2A,2025-04-19,17604
Kandivali (W),2A,2025-04-20,17665
Kandivali (W),2A,2025-04-21,18055
Kandivali (W),2A,2025-04-22,17988
Kandivali (W),2A,2025-04-23,18161
Kandivali (W),2A,2025-04-24,18183
Kandivali (W),2A,2025-04-25,18204
Kandivali (W),2A,2025-04-26,17604
Kandivali (W),2A,2025-04-27,17665
Kandivali (W),2A,2025-04-28,18055
Kandivali (W),2A,2025-04-29,17988
Kandivali (W),2A,2025-04-30,18161
Kurar,7,2025-04-01,12042
Kurar,7,2025-04-02,12131
Kurar,7,2025-04-03,12119
Kurar,7,2025-04-04,12113
Kurar,7,2025-04-05,11331
Kurar,7,2025-04-06,11378
Kurar,7,2025-04-07,12092
Kurar,7,2025-04-08,12042
Kurar,7,2025-04-09,12131
Kurar,7,2025-04-10,12119
Kurar,7,2025-04-11,12113
Kurar,7,2025-04-12,11331
Kurar,7,2025-04-13,11378
Kurar,7,2025-04-14,12089
Kurar,7,2025-04-15,12038
Kurar,7,2025-04-16,12128
Kurar,7,2025-04-17,12115
Kurar,7,2025-04-18,12109
Kurar,7,2025-04-19,11328
Kurar,7,2025-04-20,11375
Kurar,7,2025-04-21,12089
Kurar,7,2025-04-22,12043
Kurar,7,2025-04-23,12128
Kurar,7,2025-04-24,12115
Kurar,7,2025-04-25,12109
Kurar,7,2025-04-26,11328
Kurar,7,2025-04-27,11375
Kurar,7,2025-04-28,12089
Kurar,7,2025-04-29,12043
Kurar,7,2025-04-30,12128
Lower Malad,2A,2025-04-01,13199
Lower Malad,2A,2025-04-02,13294
Lower Malad,2A,2025-04-03,13285
Lower Malad,2A,2025-04-04,13322
Lower Malad,2A,2025-04-05,12553
Lower Malad,2A,2025-04-06,12627
Lower Malad,2A,2025-04-07,13285
Lower Malad,2A,2025-04-08,13199
Lower Malad,2A,2025-04-09,13294
Lower Malad,2A,2025-04-10,13285
Lower Malad,2A,2025-04-11,13322
Lower Malad,2A,2025-04-12,12553
Lower Malad,2A,2025-04-13,12627
Lower Malad,2A,2025-04-14,13274
Lower Malad,2A,2025-04-15,13188
Lower Malad,2A,2025-04-16,13283
Lower Malad,2A,2025-04-17,13273
Lower Malad,2A,2025-04-18,13318
Lower Malad,2A,2025-04-19,12550
Lower Malad,2A,2025-04-20,12623
Lower Malad,2A,2025-04-21,13284
Lower Malad,2A,2025-04-22,13203
Lower Malad,2A,2025-04-23,13293
Lower Malad,2A,2025-04-24,13283
Lower Malad,2A,2025-04-25,13318
Lower Malad,2A,2025-04-26,12550
Lower Malad,2A,2025-04-27,12623
Lower Malad,2A,2025-04-28,13284
Lower Malad,2A,2025-04-29,13203
Lower Malad,2A,2025-04-30,13293
Lower Oshiwara,2A,2025-04-01,12566
Lower Oshiwara,2A,2025-04-02,12673
Lower Oshiwara,2A,2025-04-03,12664
Lower Oshiwara,2A,2025-04-04,12714
Lower Oshiwara,2A,2025-04-05,12136
Lower Oshiwara,2A,2025-04-06,12175
Lower Oshiwara,2A,2025-04-07,12853
Lower Oshiwara,2A,2025-04-08,12566
Lower Oshiwara,2A,2025-04-09,12673
Lower Oshiwara,2A,2025-04-10,12664
Lower Oshiwara,2A,2025-04-11,12714
Lower Oshiwara,2A,2025-04-12,12136
Lower Oshiwara,2A,2025-04-13,12175
Lower Oshiwara,2A,2025-04-14,12841
Lower Oshiwara,2A,2025-04-15,12555
Lower Oshiwara,2A,2025-04-16,12662
Lower Oshiwara,2A,2025-04-17,12653
Lower Oshiwara,2A,2025-04-18,12711
Lower Oshiwara,2A,2025-04-19,12132
Lower Oshiwara,2A,2025-04-20,12171
Lower Oshiwara,2A,2025-04-21,12852
Lower Oshiwara,2A,2025-04-22,12570
Lower Oshiwara,2A,2025-04-23,12672
Lower Oshiwara,2A,2025-04-24,12663
Lower Oshiwara,2A,2025-04-25,12711
Lower Oshiwara,2A,2025-04-26,12132
Lower Oshiwara,2A,2025-04-27,12171
Lower Oshiwara,2A,2025-04-28,12852
Lower Oshiwara,2A,2025-04-29,12570
Lower Oshiwara,2A,2025-04-30,12672
MIDC,3,2025-04-01,9688
MIDC,3,2025-04-02,9784
MIDC,3,2025-04-03,9771
MIDC,3,2025-04-04,9782
MIDC,3,2025-04-05,9149
MIDC,3,2025-04-06,9229
MIDC,3,2025-04-07,9828
MIDC,3,2025-04-08,9688
MIDC,3,2025-04-09,9784
MIDC,3,2025-04-10,9771
MIDC,3,2025-04-11,9782
MIDC,3,2025-04-12,9149
MIDC,3,2025-04-13,9229
MIDC,3,2025-04-14,9825
MIDC,3,2025-04-15,9684
MIDC,3,2025-04-16,9780
MIDC,3,2025-04-17,9768
MIDC,3,2025-04-18,9779
MIDC,3,2025-04-19,9146
MIDC,3,2025-04-20,9225
MIDC,3,2025-04-21,9829
MIDC,3,2025-04-22,9693
MIDC,3,2025-04-23,9780
MIDC,3,2025-04-24,9768
MIDC,3,2025-04-25,9779
MIDC,3,2025-04-26,9146
MIDC,3,2025-04-27,9225
MIDC,3,2025-04-28,9829
MIDC,3,2025-04-29,9693
MIDC,3,2025-04-30,9780
Magathane,7,2025-04-01,12094
Magathane,7,2025-04-02,12199
Magathane,7,2025-04-03,12186
Magathane,7,2025-04-04,12197
Magathane,7,2025-04-05,11426
Magathane,7,2025-04-06,11477
Magathane,7,2025-04-07,12144
Magathane,7,2025-04-08,12094
Magathane,7,2025-04-09,12199
Magathane,7,2025-04-10,12186
Magathane,7,2025-04-11,12197
Magathane,7,2025-04-12,11426
Magathane,7,2025-04-13,11477
Magathane,7,2025-04-14,12141
Magathane,7,2025-04-15,12090
Magathane,7,2025-04-16,12195
Magathane,7,2025-04-17,12183
Magathane,7,2025-04-18,12193
Magathane,7,2025-04-19,11422
Magathane,7,2025-04-20,11473
Magathane,7,2025-04-21,12141
Magathane,7,2025-04-22,12095
Magathane,7,2025-04-23,12195
Magathane,7,2025-04-24,12183
Magathane,7,2025-04-25,12193
Magathane,7,2025-04-26,11422
Magathane,7,2025-04-27,11473
Magathane,7,2025-04-28,12141
Magathane,7,2025-04-29,12095
Magathane,7,2025-04-30,12195
Mahalaxmi,3,2025-04-01,9511
Mahalaxmi,3,2025-04-02,9597
Mahalaxmi,3,2025-04-03,9589
Mahalaxmi,3,2025-04-04,9609
Mahalaxmi,3,2025-04-05,8972
Mahalaxmi,3,2025-04-06,9052
Mahalaxmi,3,2025-04-07,9616
Mahalaxmi,3,2025-04-08,9511
Mahalaxmi,3,2025-04-09,9597
Mahalaxmi,3,2025-04-10,9589
Mahalaxmi,3,2025-04-11,9609
Mahalaxmi,3,2025-04-12,8972
Mahalaxmi,3,2025-04-13,9052
Mahalaxmi,3,2025-04-14,9612
Mahalaxmi,3,2025-04-15,9508
Mahalaxmi,3,2025-04-16,9593
Mahalaxmi,3,2025-04-17,9585
Mahalaxmi,3,2025-04-18,9605
Mahalaxmi,3,2025-04-19,8969
Mahalaxmi,3,2025-04-20,9048
Mahalaxmi,3,2025-04-21,9616
Mahalaxmi,3,2025-04-22,9516
Mahalaxmi,3,2025-04-23,9593
Mahalaxmi,3,2025-04-24,9585
Mahalaxmi,3,2025-04-25,9605
Mahalaxmi,3,2025-04-26,8969
Mahalaxmi,3,2025-04-27,9048
Mahalaxmi,3,2025-04-28,9616
Mahalaxmi,3,2025-04-29,9516
Mahalaxmi,3,2025-04-30,9593
Malad (W),2A,2025-04-01,21233
Malad (W),2A,2025-04-02,21323
Malad (W),2A,2025-04-03,21349
Malad (W),2A,2025-04-04,21368
Malad (W),2A,2025-04-05,20490
Malad (W),2A,2025-04-06,20566
Malad (W),2A,2025-04-07,21278
Malad (W),2A,2025-04-08,21233
Malad (W),2A,2025-04-09,21323
Malad (W),2A,2025-04-10,21349
Malad (W),2A,2025-04-11,21368
Malad (W),2A,2025-04-12,20490
Malad (W),2A,2025-04-13,20566
Malad (W),2A,2025-04-14,21266
Malad (W),2A,2025-04-15,21222
Malad (W),2A,2025-04-16,21312
Malad (W),2A,2025-04-17,21338
Malad (W),2A,2025-04-18,21365
Malad (W),2A,2025-04-19,20486
Malad (W),2A,2025-04-20,20563
Malad (W),2A,2025-04-21,21279
Malad (W),2A,2025-04-22,21240
Malad (W),2A,2025-04-23,21324
Malad (W),2A,2025-04-24,21351
Malad (W),2A,2025-04-25,21365
Malad (W),2A,2025-04-26,20486
Malad (W),2A,2025-04-27,20563
Malad (W),2A,2025-04-28,21279
Malad (W),2A,2025-04-29,21240
Malad (W),2A,2025-04-30,21324
Mandapeshwar,2A,2025-04-01,12508
Mandapeshwar,2A,2025-04-02,12603
Mandapeshwar,2A,2025-04-03,12593
Mandapeshwar,2A,2025-04-04,12617
Mandapeshwar,2A,2025-04-05,11797
Mandapeshwar,2A,2025-04-06,11848
Mandapeshwar,2A,2025-04-07,12550
Mandapeshwar,2A,2025-04-08,12508
Mandapeshwar,2A,2025-04-09,12603
Mandapeshwar,2A,2025-04-10,12593
Mandapeshwar,2A,2025-04-11,12617
Mandapeshwar,2A,2025-04-12,11797
Mandapeshwar,2A,2025-04-13,11848
Mandapeshwar,2A,2025-04-14,12547
Mandapeshwar,2A,2025-04-15,12504
Mandapeshwar,2A,2025-04-16,12599
Mandapeshwar,2A,2025-04-17,12590
Mandapeshwar,2A,2025-04-18,12613
Mandapeshwar,2A,2025-04-19,11793
Mandapeshwar,2A,2025-04-20,11845
Mandapeshwar,2A,2025-04-21,12547
Mandapeshwar,2A,2025-04-22,12509
Mandapeshwar,2A,2025-04-23,12599
Mandapeshwar,2A,2025-04-24,12590
Mandapeshwar,2A,2025-04-25,12613
Mandapeshwar,2A,2025-04-26,11793
Mandapeshwar,2A,2025-04-27,11845
Mandapeshwar,2A,2025-04-28,12547
Mandapeshwar,2A,2025-04-29,12509
Mandapeshwar,2A,2025-04-30,12599
Marol Naka,3,2025-04-01,13951
Marol Naka,3,2025-04-02,14051
Marol Naka,3,2025-04-03,14042
Marol Naka,3,2025-04-04,14055
Marol Naka,3,2025-04-05,13315
Marol Naka,3,2025-04-06,13358
Marol Naka,3,2025-04-07,14010
Marol Naka,3,2025-04-08,13951
Marol Naka,3,2025-04-09,14051
Marol Naka,3,2025-04-10,14042
Marol Naka,3,2025-04-11,14055
Marol Naka,3,2025-04-12,13315
Marol Naka,3,2025-04-13,13358
Marol Naka,3,2025-04-14,13998
Marol Naka,3,2025-04-15,13939
Marol Naka,3,2025-04-16,14040
Marol Naka,3,2025-04-17,14030
Marol Naka,3,2025-04-18,14051
Marol Naka,3,2025-04-19,13312
Marol Naka,3,2025-04-20,13354
Marol Naka,3,2025-04-21,14009
Marol Naka,3,2025-04-22,13954
Marol Naka,3,2025-04-23,14050
Marol Naka,3,2025-04-24,14040
Marol Naka,3,2025-04-25,14051
Marol Naka,3,2025-04-26,13312
Marol Naka,3,2025-04-27,13354
Marol Naka,3,2025-04-28,14009
Marol Naka,3,2025-04-29,13954
Marol Naka,3,2025-04-30,14050
Marol Naka L1,1,2025-04-01,41619
Marol Naka L1,1,2025-04-02,41717
Marol Naka L1,1,2025-04-03,41694
Marol Naka L1,1,2025-04-04,41717
Marol Naka L1,1,2025-04-05,39037
Marol Naka L1,1,2025-04-06,39193
Marol Naka L1,1,2025-04-07,41639
Marol Naka L1,1,2025-04-08,41588
Marol Naka L1,1,2025-04-09,41687
Marol Naka L1,1,2025-04-10,41664
Marol Naka L1,1,2025-04-11,41686
Marol Naka L1,1,2025-04-12,39006
Marol Naka L1,1,2025-04-13,39163
Marol Naka L1,1,2025-04-14,41628
Marol Naka L1,1,2025-04-15,41577
Marol Naka L1,1,2025-04-16,41676
Marol Naka L1,1,2025-04-17,41653
Marol Naka L1,1,2025-04-18,41683
Marol Naka L1,1,2025-04-19,39003
Marol Naka L1,1,2025-04-20,39159
Marol Naka L1,1,2025-04-21,41645
Marol Naka L1,1,2025-04-22,41599
Marol Naka L1,1,2025-04-23,41688
Marol Naka L1,1,2025-04-24,41665
Marol Naka L1,1,2025-04-25,41683
Marol Naka L1,1,2025-04-26,39003
Marol Naka L1,1,2025-04-27,39159
Marol Naka L1,1,2025-04-28,41645
Marol Naka L1,1,2025-04-29,41599
Marol Naka L1,1,2025-04-30,41688
Mumbai Central,3,2025-04-01,16235
Mumbai Central,3,2025-04-02,16342
Mumbai Central,3,2025-04-03,16358
Mumbai Central,3,2025-04-04,16382
Mumbai Central,3,2025-04-05,15770
Mumbai Central,3,2025-04-06,15811
Mumbai Central,3,2025-04-07,16303
Mumbai Central,3,2025-04-08,16235
Mumbai Central,3,2025-04-09,16342
Mumbai Central,3,2025-04-10,16358
Mumbai Central,3,2025-04-11,16382
Mumbai Central,3,2025-04-12,15770
Mumbai Central,3,2025-04-13,15811
Mumbai Central,3,2025-04-14,16292
Mumbai Central,3,2025-04-15,16224
Mumbai Central,3,2025-04-16,16331
Mumbai Central,3,2025-04-17,16347
Mumbai Central,3,2025-04-18,16379
Mumbai Central,3,2025-04-19,15766
Mumbai Central,3,2025-04-20,15807
Mumbai Central,3,2025-04-21,16307
Mumbai Central,3,2025-04-22,16243
Mumbai Central,3,2025-04-23,16341
Mumbai Central,3,2025-04-24,16357
Mumbai Central,3,2025-04-25,16379
Mumbai Central,3,2025-04-26,15766
Mumbai Central,3,2025-04-27,15807
Mumbai Central,3,2025-04-28,16307
Mumbai Central,3,2025-04-29,16243
Mumbai Central,3,2025-04-30,16341
Nariman Point,3,2025-04-01,13887
Nariman Point,3,2025-04-02,13986
Nariman Point,3,2025-04-03,13985
Nariman Point,3,2025-04-04,13999
Nariman Point,3,2025-04-05,13256
Nariman Point,3,2025-04-06,13297
Nariman Point,3,2025-04-07,13920
Nariman Point,3,2025-04-08,13887
Nariman Point,3,2025-04-09,13986
Nariman Point,3,2025-04-10,13985
Nariman Point,3,2025-04-11,13999
Nariman Point,3,2025-04-12,13256
Nariman Point,3,2025-04-13,13297
Nariman Point,3,2025-04-14,13909
Nariman Point,3,2025-04-15,13876
Nariman Point,3,2025-04-16,13975
Nariman Point,3,2025-04-17,13974
Nariman Point,3,2025-04-18,13995
Nariman Point,3,2025-04-19,13252
Nariman Point,3,2025-04-20,13293
Nariman Point,3,2025-04-21,13924
Nariman Point,3,2025-04-22,13896
Nariman Point,3,2025-04-23,13985
Nariman Point,3,2025-04-24,13984
Nariman Point,3,2025-04-25,13995
Nariman Point,3,2025-04-26,13252
Nariman Point,3,2025-04-27,13293
Nariman Point,3,2025-04-28,13924
Nariman Point,3,2025-04-29,13896
Nariman Point,3,2025-04-30,13985
Oshiwara,2A,2025-04-01,12518
Oshiwara,2A,2025-04-02,12640
Oshiwara,2A,2025-04-03,12628
Oshiwara,2A,2025-04-04,12713
Oshiwara,2A,2025-04-05,12010
Oshiwara,2A,2025-04-06,12072
Oshiwara,2A,2025-04-07,12725
Oshiwara,2A,2025-04-08,12518
Oshiwara,2A,2025-04-09,12640
Oshiwara,2A,2025-04-10,12628
Oshiwara,2A,2025-04-11,12713
Oshiwara,2A,2025-04-12,12010
Oshiwara,2A,2025-04-13,12072
Oshiwara,2A,2025-04-14,12722
Oshiwara,2A,2025-04-15,12514
Oshiwara,2A,2025-04-16,12637
Oshiwara,2A,2025-04-17,12625
Oshiwara,2A,2025-04-18,12709
Oshiwara,2A,2025-04-19,12007
Oshiwara,2A,2025-04-20,12068
Oshiwara,2A,2025-04-21,12727
Oshiwara,2A,2025-04-22,12524
Oshiwara,2A,2025-04-23,12637
Oshiwara,2A,2025-04-24,12625
Oshiwara,2A,2025-04-25,12709
Oshiwara,2A,2025-04-26,12007
Oshiwara,2A,2025-04-27,12068
Oshiwara,2A,2025-04-28,12727
Oshiwara,2A,2025-04-29,12524
Oshiwara,2A,2025-04-30,12637
Ovaripada,7,2025-04-01,3654
Ovaripada,7,2025-04-02,3716
Ovaripada,7,2025-04-03,3708
Ovaripada,7,2025-04-04,3709
Ovaripada,7,2025-04-05,3447
Ovaripada,7,2025-04-06,3528
Ovaripada,7,2025-04-07,3763
Ovaripada,7,2025-04-08,3654
Ovaripada,7,2025-04-09,3716
Ovaripada,7,2025-04-10,3708
Ovaripada,7,2025-04-11,3709
Ovaripada,7,2025-04-12,3447
Ovaripada,7,2025-04-13,3528
Ovaripada,7,2025-04-14,3760
Ovaripada,7,2025-04-15,3651
Ovaripada,7,2025-04-16,3713
Ovaripada,7,2025-04-17,3705
Ovaripada,7,2025-04-18,3705
Ovaripada,7,2025-04-19,3443
Ovaripada,7,2025-04-20,3524
Ovaripada,7,2025-04-21,3768
Ovaripada,7,2025-04-22,3664
Ovaripada,7,2025-04-23,3713
Ovaripada,7,2025-04-24,3705
Ovaripada,7,2025-04-25,3705
Ovaripada,7,2025-04-26,3443
Ovaripada,7,2025-04-27,3524
Ovaripada,7,2025-04-28,3768
Ovaripada,7,2025-04-29,3664
Ovaripada,7,2025-04-30,3713
Poisar,7,2025-04-01,12330
Poisar,7,2025-04-02,12423
Poisar,7,2025-04-03,12410
Poisar,7,2025-04-04,12435
Poisar,7,2025-04-05,11647
Poisar,7,2025-04-06,11698
Poisar,7,2025-04-07,12370
Poisar,7,2025-04-08,12330
Poisar,7,2025-04-09,12423
Poisar,7,2025-04-10,12410
Poisar,7,2025-04-11,12435
Poisar,7,2025-04-12,11647
Poisar,7,2025-04-13,11698
Poisar,7,2025-04-14,12366
Poisar,7,2025-04-15,12327
Poisar,7,2025-04-16,12419
Poisar,7,2025-04-17,12407
Poisar,7,2025-04-18,12432
Poisar,7,2025-04-19,11643
Poisar,7,2025-04-20,11695
Poisar,7,2025-04-21,12371
Poisar,7,2025-04-22,12336
Poisar,7,2025-04-23,12419
Poisar,7,2025-04-24,12407
Poisar,7,2025-04-25,12432
Poisar,7,2025-04-26,11643
Poisar,7,2025-04-27,11695
Poisar,7,2025-04-28,12371
Poisar,7,2025-04-29,12336
Poisar,7,2025-04-30,12419
Rashtriya Udyan,7,2025-04-01,3548
Rashtriya Udyan,7,2025-04-02,3613
Rashtriya Udyan,7,2025-04-03,3605
Rashtriya Udyan,7,2025-04-04,3606
Rashtriya Udyan,7,2025-04-05,3344
Rashtriya Udyan,7,2025-04-06,3425
Rashtriya Udyan,7,2025-04-07,3652
Rashtriya Udyan,7,2025-04-08,3548
Rashtriya Udyan,7,2025-04-09,3613
Rashtriya Udyan,7,2025-04-10,3605
Rashtriya Udyan,7,2025-04-11,3606
Rashtriya Udyan,7,2025-04-12,3344
Rashtriya Udyan,7,2025-04-13,3425
Rashtriya Udyan,7,2025-04-14,3648
Rashtriya Udyan,7,2025-04-15,3544
Rashtriya Udyan,7,2025-04-16,3610
Rashtriya Udyan,7,2025-04-17,3602
Rashtriya Udyan,7,2025-04-18,3602
Rashtriya Udyan,7,2025-04-19,3340
Rashtriya Udyan,7,2025-04-20,3421
Rashtriya Udyan,7,2025-04-21,3656
Rashtriya Udyan,7,2025-04-22,3557
Rashtriya Udyan,7,2025-04-23,3610
Rashtriya Udyan,7,2025-04-24,3602
Rashtriya Udyan,7,2025-04-25,3602
Rashtriya Udyan,7,2025-04-26,3340
Rashtriya Udyan,7,2025-04-27,3421
Rashtriya Udyan,7,2025-04-28,3656
Rashtriya Udyan,7,2025-04-29,3557
Rashtriya Udyan,7,2025-04-30,3610
SEEPZ,3,2025-04-01,10230
SEEPZ,3,2025-04-02,10348
SEEPZ,3,2025-04-03,10335
SEEPZ,3,2025-04-04,10331
SEEPZ,3,2025-04-05,9693
SEEPZ,3,2025-04-06,9789
SEEPZ,3,2025-04-07,10382
SEEPZ,3,2025-04-08,10230
SEEPZ,3,2025-04-09,10348
SEEPZ,3,2025-04-10,10335
SEEPZ,3,2025-04-11,10331
SEEPZ,3,2025-04-12,9693
SEEPZ,3,2025-04-13,9789
SEEPZ,3,2025-04-14,10378
SEEPZ,3,2025-04-15,10226
SEEPZ,3,2025-04-16,10344
SEEPZ,3,2025-04-17,10332
SEEPZ,3,2025-04-18,10327
SEEPZ,3,2025-04-19,9690
SEEPZ,3,2025-04-20,9785
SEEPZ,3,2025-04-21,10383
SEEPZ,3,2025-04-22,10236
SEEPZ,3,2025-04-23,10344
SEEPZ,3,2025-04-24,10332
SEEPZ,3,2025-04-25,10327
SEEPZ,3,2025-04-26,9690
SEEPZ,3,2025-04-27,9785
SEEPZ,3,2025-04-28,10383
SEEPZ,3,2025-04-29,10236
SEEPZ,3,2025-04-30,10344
Sahar Road,3,2025-04-01,6832
Sahar Road,3,2025-04-02,6904
Sahar Road,3,2025-04-03,6897
Sahar Road,3,2025-04-04,6890
Sahar Road,3,2025-04-05,6363
Sahar Road,3,2025-04-06,6440
Sahar Road,3,2025-04-07,6949
Sahar Road,3,2025-04-08,6832
Sahar Road,3,2025-04-09,6904
Sahar Road,3,2025-04-10,6897
Sahar Road,3,2025-04-11,6890
Sahar Road,3,2025-04-12,6363
Sahar Road,3,2025-04-13,6440
Sahar Road,3,2025-04-14,6946
Sahar Road,3,2025-04-15,6828
Sahar Road,3,2025-04-16,6901
Sahar Road,3,2025-04-17,6893
Sahar Road,3,2025-04-18,6887
Sahar Road,3,2025-04-19,6360
Sahar Road,3,2025-04-20,6437
Sahar Road,3,2025-04-21,6954
Sahar Road,3,2025-04-22,6841
Sahar Road,3,2025-04-23,6901
Sahar Road,3,2025-04-24,6893
Sahar Road,3,2025-04-25,6887
Sahar Road,3,2025-04-26,6360
Sahar Road,3,2025-04-27,6437
Sahar Road,3,2025-04-28,6954
Sahar Road,3,2025-04-29,6841
Sahar Road,3,2025-04-30,6901
Saki Naka,1,2025-04-01,21211
Saki Naka,1,2025-04-02,21333
Saki Naka,1,2025-04-03,21359
Saki Naka,1,2025-04-04,21357
Saki Naka,1,2025-04-05,20463
Saki Naka,1,2025-04-06,20540
Saki Naka,1,2025-04-07,21255
Saki Naka,1,2025-04-08,21211
Saki Naka,1,2025-04-09,21333
Saki Naka,1,2025-04-10,21359
Saki Naka,1,2025-04-11,21357
Saki Naka,1,2025-04-12,20463
Saki Naka,1,2025-04-13,20540
Saki Naka,1,2025-04-14,21244
Saki Naka,1,2025-04-15,21200
Saki Naka,1,2025-04-16,21321
Saki Naka,1,2025-04-17,21348
Saki Naka,1,2025-04-18,21354
Saki Naka,1,2025-04-19,20460
Saki Naka,1,2025-04-20,20537
Saki Naka,1,2025-04-21,21261
Saki Naka,1,2025-04-22,21222
Saki Naka,1,2025-04-23,21334
Saki Naka,1,2025-04-24,21360
Saki Naka,1,2025-04-25,21354
Saki Naka,1,2025-04-26,20460
Saki Naka,1,2025-04-27,20537
Saki Naka,1,2025-04-28,21261
Saki Naka,1,2025-04-29,21222
Saki Naka,1,2025-04-30,21334
Santacruz,3,2025-04-01,10492
Santacruz,3,2025-04-02,10602
Santacruz,3,2025-04-03,10590
Santacruz,3,2025-04-04,10584
Santacruz,3,2025-04-05,9927
Santacruz,3,2025-04-06,10016
Santacruz,3,2025-04-07,10766
Santacruz,3,2025-04-08,10492
Santacruz,3,2025-04-09,10602
Santacruz,3,2025-04-10,10590
Santacruz,3,2025-04-11,10584
Santacruz,3,2025-04-12,9927
Santacruz,3,2025-04-13,10016
Santacruz,3,2025-04-14,10763
Santacruz,3,2025-04-15,10488
Santacruz,3,2025-04-16,10599
Santacruz,3,2025-04-17,10586
Santacruz,3,2025-04-18,10580
Santacruz,3,2025-04-19,9923
Santacruz,3,2025-04-20,10012
Santacruz,3,2025-04-21,10768
Santacruz,3,2025-04-22,10498
Santacruz,3,2025-04-23,10599
Santacruz,3,2025-04-24,10586
Santacruz,3,2025-04-25,10580
Santacruz,3,2025-04-26,9923
Santacruz,3,2025-04-27,10012
Santacruz,3,2025-04-28,10768
Santacruz,3,2025-04-29,10498
Santacruz,3,2025-04-30,10599
Shimpoli,2A,2025-04-01,12510
Shimpoli,2A,2025-04-02,12630
Shimpoli,2A,2025-04-03,12618
Shimpoli,2A,2025-04-04,12656
Shimpoli,2A,2025-04-05,11899
Shimpoli,2A,2025-04-06,11973
Shimpoli,2A,2025-04-07,12561
Shimpoli,2A,2025-04-08,12510
Shimpoli,2A,2025-04-09,12630
Shimpoli,2A,2025-04-10,12618
Shimpoli,2A,2025-04-11,12656
Shimpoli,2A,2025-04-12,11899
Shimpoli,2A,2025-04-13,11973
Shimpoli,2A,2025-04-14,12557
Shimpoli,2A,2025-04-15,12507
Shimpoli,2A,2025-04-16,12627
Shimpoli,2A,2025-04-17,12614
Shimpoli,2A,2025-04-18,12653
Shimpoli,2A,2025-04-19,11896
Shimpoli,2A,2025-04-20,11970
Shimpoli,2A,2025-04-21,12562
Shimpoli,2A,2025-04-22,12516
Shimpoli,2A,2025-04-23,12627
Shimpoli,2A,2025-04-24,12614
Shimpoli,2A,2025-04-25,12653
Shimpoli,2A,2025-04-26,11896
Shimpoli,2A,2025-04-27,11970
Shimpoli,2A,2025-04-28,12562
Shimpoli,2A,2025-04-29,12516
Shimpoli,2A,2025-04-30,12627
Siddhivinayak,3,2025-04-01,8992
Siddhivinayak,3,2025-04-02,9074
Siddhivinayak,3,2025-04-03,9066
Siddhivinayak,3,2025-04-04,9062
Siddhivinayak,3,2025-04-05,8456
Siddhivinayak,3,2025-04-06,8531
Siddhivinayak,3,2025-04-07,9082
Siddhivinayak,3,2025-04-08,8992
Siddhivinayak,3,2025-04-09,9074
Siddhivinayak,3,2025-04-10,9066
Siddhivinayak,3,2025-04-11,9062
Siddhivinayak,3,2025-04-12,8456
Siddhivinayak,3,2025-04-13,8531
Siddhivinayak,3,2025-04-14,9079
Siddhivinayak,3,2025-04-15,8988
Siddhivinayak,3,2025-04-16,9070
Siddhivinayak,3,2025-04-17,9063
Siddhivinayak,3,2025-04-18,9059
Siddhivinayak,3,2025-04-19,8453
Siddhivinayak,3,2025-04-20,8527
Siddhivinayak,3,2025-04-21,9087
Siddhivinayak,3,2025-04-22,9001
Siddhivinayak,3,2025-04-23,9070
Siddhivinayak,3,2025-04-24,9063
Siddhivinayak,3,2025-04-25,9059
Siddhivinayak,3,2025-04-26,8453
Siddhivinayak,3,2025-04-27,8527
Siddhivinayak,3,2025-04-28,9087
Siddhivinayak,3,2025-04-29,9001
Siddhivinayak,3,2025-04-30,9070
Sitaladevi,3,2025-04-01,7003
Sitaladevi,3,2025-04-02,7076
Sitaladevi,3,2025-04-03,7068
Sitaladevi,3,2025-04-04,7072
Sitaladevi,3,2025-04-05,6527
Sitaladevi,3,2025-04-06,6613
Sitaladevi,3,2025-04-07,7121
Sitaladevi,3,2025-04-08,7003
Sitaladevi,3,2025-04-09,7076
Sitaladevi,3,2025-04-10,7068
Sitaladevi,3,2025-04-11,7072
Sitaladevi,3,2025-04-12,6527
Sitaladevi,3,2025-04-13,6613
Sitaladevi,3,2025-04-14,7118
Sitaladevi,3,2025-04-15,7000
Sitaladevi,3,2025-04-16,7072
Sitaladevi,3,2025-04-17,7065
Sitaladevi,3,2025-04-18,7068
Sitaladevi,3,2025-04-19,6523
Sitaladevi,3,2025-04-20,6609
Sitaladevi,3,2025-04-21,7126
Sitaladevi,3,2025-04-22,7013
Sitaladevi,3,2025-04-23,7072
Sitaladevi,3,2025-04-24,7065
Sitaladevi,3,2025-04-25,7068
Sitaladevi,3,2025-04-26,6523
Sitaladevi,3,2025-04-27,6609
Sitaladevi,3,2025-04-28,7126
Sitaladevi,3,2025-04-29,7013
Sitaladevi,3,2025-04-30,7072
Valnai-Meeth Chowky,2A,2025-04-01,12449
Valnai-Meeth Chowky,2A,2025-04-02,12560
Valnai-Meeth Chowky,2A,2025-04-03,12551
Valnai-Meeth Chowky,2A,2025-04-04,12574
Valnai-Meeth Chowky,2A,2025-04-05,11792
Valnai-Meeth Chowky,2A,2025-04-06,11832
Valnai-Meeth Chowky,2A,2025-04-07,12495
Valnai-Meeth Chowky,2A,2025-04-08,12449
Valnai-Meeth Chowky,2A,2025-04-09,12560
Valnai-Meeth Chowky,2A,2025-04-10,12551
Valnai-Meeth Chowky,2A,2025-04-11,12574
Valnai-Meeth Chowky,2A,2025-04-12,11792
Valnai-Meeth Chowky,2A,2025-04-13,11832
Valnai-Meeth Chowky,2A,2025-04-14,12492
Valnai-Meeth Chowky,2A,2025-04-15,12445
Valnai-Meeth Chowky,2A,2025-04-16,12557
Valnai-Meeth Chowky,2A,2025-04-17,12547
Valnai-Meeth Chowky,2A,2025-04-18,12571
Valnai-Meeth Chowky,2A,2025-04-19,11789
Valnai-Meeth Chowky,2A,2025-04-20,11829
Valnai-Meeth Chowky,2A,2025-04-21,12496
Valnai-Meeth Chowky,2A,2025-04-22,12455
Valnai-Meeth Chowky,2A,2025-04-23,12557
Valnai-Meeth Chowky,2A,2025-04-24,12547
Valnai-Meeth Chowky,2A,2025-04-25,12571
Valnai-Meeth Chowky,2A,2025-04-26,11789
Valnai-Meeth Chowky,2A,2025-04-27,11829
Valnai-Meeth Chowky,2A,2025-04-28,12496
Valnai-Meeth Chowky,2A,2025-04-29,12455
Valnai-Meeth Chowky,2A,2025-04-30,12557
Versova,1,2025-04-01,20957
Versova,1,2025-04-02,21088
Versova,1,2025-04-03,21087
Versova,1,2025-04-04,21113
Versova,1,2025-04-05,20390
Versova,1,2025-04-06,20466
Versova,1,2025-04-07,20992
Versova,1,2025-04-08,20957
Versova,1,2025-04-09,21088
Versova,1,2025-04-10,21087
Versova,1,2025-04-11,21113
Versova,1,2025-04-12,20390
Versova,1,2025-04-13,20466
Versova,1,2025-04-14,20981
Versova,1,2025-04-15,20946
Versova,1,2025-04-16,21077
Versova,1,2025-04-17,21076
Versova,1,2025-04-18,21109
Versova,1,2025-04-19,20387
Versova,1,2025-04-20,20463
Versova,1,2025-04-21,20998
Versova,1,2025-04-22,20968
Versova,1,2025-04-23,21089
Versova,1,2025-04-24,21088
Versova,1,2025-04-25,21109
Versova,1,2025-04-26,20387
Versova,1,2025-04-27,20463
Versova,1,2025-04-28,20998
Versova,1,2025-04-29,20968
Versova,1,2025-04-30,21089
Vidhan Bhavan,3,2025-04-01,7712
Vidhan Bhavan,3,2025-04-02,7783
Vidhan Bhavan,3,2025-04-03,7776
Vidhan Bhavan,3,2025-04-04,7774
Vidhan Bhavan,3,2025-04-05,7257
Vidhan Bhavan,3,2025-04-06,7342
Vidhan Bhavan,3,2025-04-07,7816
Vidhan Bhavan,3,2025-04-08,7712
Vidhan Bhavan,3,2025-04-09,7783
Vidhan Bhavan,3,2025-04-10,7776
Vidhan Bhavan,3,2025-04-11,7774
Vidhan Bhavan,3,2025-04-12,7257
Vidhan Bhavan,3,2025-04-13,7342
Vidhan Bhavan,3,2025-04-14,7812
Vidhan Bhavan,3,2025-04-15,7709
Vidhan Bhavan,3,2025-04-16,7780
Vidhan Bhavan,3,2025-04-17,7772
Vidhan Bhavan,3,2025-04-18,7771
Vidhan Bhavan,3,2025-04-19,7254
Vidhan Bhavan,3,2025-04-20,7338
Vidhan Bhavan,3,2025-04-21,7821
Vidhan Bhavan,3,2025-04-22,7722
Vidhan Bhavan,3,2025-04-23,7780
Vidhan Bhavan,3,2025-04-24,7772
Vidhan Bhavan,3,2025-04-25,7771
Vidhan Bhavan,3,2025-04-26,7254
Vidhan Bhavan,3,2025-04-27,7338
Vidhan Bhavan,3,2025-04-28,7821
Vidhan Bhavan,3,2025-04-29,7722
Vidhan Bhavan,3,2025-04-30,7780
WEH,1,2025-04-01,28116
WEH,1,2025-04-02,28189
WEH,1,2025-04-03,28168
WEH,1,2025-04-04,28076
WEH,1,2025-04-05,26822
WEH,1,2025-04-06,27460
WEH,1,2025-04-07,28151
WEH,1,2025-04-08,28116
WEH,1,2025-04-09,28189
WEH,1,2025-04-10,28168
WEH,1,2025-04-11,28076
WEH,1,2025-04-12,26822
WEH,1,2025-04-13,27460
WEH,1,2025-04-14,28140
WEH,1,2025-04-15,28105
WEH,1,2025-04-16,28177
WEH,1,2025-04-17,28156
WEH,1,2025-04-18,28073
WEH,1,2025-04-19,26819
WEH,1,2025-04-20,27457
WEH,1,2025-04-21,28157
WEH,1,2025-04-22,28127
WEH,1,2025-04-23,28190
WEH,1,2025-04-24,28169
WEH,1,2025-04-25,28073
WEH,1,2025-04-26,26819
WEH,1,2025-04-27,27457
WEH,1,2025-04-28,28157
WEH,1,2025-04-29,28127
WEH,1,2025-04-30,28190
Worli,3,2025-04-01,13604
Worli,3,2025-04-02,13709
Worli,3,2025-04-03,13699
Worli,3,2025-04-04,13739
Worli,3,2025-04-05,13103
Worli,3,2025-04-06,13159
Worli,3,2025-04-07,13690
Worli,3,2025-04-08,13604
Worli,3,2025-04-09,13709
Worli,3,2025-04-10,13699
Worli,3,2025-04-11,13739
Worli,3,2025-04-12,13103
Worli,3,2025-04-13,13159
Worli,3,2025-04-14,13678
Worli,3,2025-04-15,13593
Worli,3,2025-04-16,13697
Worli,3,2025-04-17,13688
Worli,3,2025-04-18,13735
Worli,3,2025-04-19,13099
Worli,3,2025-04-20,13156
Worli,3,2025-04-21,13693
Worli,3,2025-04-22,13612
Worli,3,2025-04-23,13707
Worli,3,2025-04-24,13698
Worli,3,2025-04-25,13735
Worli,3,2025-04-26,13099
Worli,3,2025-04-27,13156
Worli,3,2025-04-28,13693
Worli,3,2025-04-29,13612
Worli,3,2025-04-30,13707
