station_name,line,total_responses,auto_problem_score,walking_problem_score,bus_problem_score,crowding_score,safety_score,lmpi_score,severity_label,recommended_last_mile,survey_satisfaction,survey_auto_avail,survey_bus_freq,survey_safety,survey_walkability,role,is_interchange,is_elevated,pop_density,auto_supply_score,bus_connectivity_score,walk_dist_m,xgb_predicted,rf_predicted,top_intervention,top_impact,total_interventions,min_cost_lakhs,max_cost_lakhs,best_cost_eff,curr_trains_peak,rec_trains_peak,delta_trains_peak,rec_headway_peak,fore_avg_daily,fore_peak_day,fore_min_day,sev_weight,forecast_growth,optimization_score,priority_rank
BKC,3,67,76.4,68.1,49.9,68.3,40.2,81.5,Critical,E-Rickshaw,3.1,1.6,2.9,3.3,2.2,office_premium,False,False,0.85,0.4,0.55,620,Critical,Critical,Deploy pre-positioned auto fleet at peak hours,1.0,4,0.0,50.6,9.99,10.0,12.5,2.5,4.8,13070.766666666666,13310,12541,1.0,0.0183,0.7571,1
SEEPZ,3,55,75.0,55.7,75.2,54.8,64.0,79.8,Critical,Shared Auto,3.2,2.0,1.6,2.4,2.6,office_heavy,False,False,0.6,0.3,0.4,550,Critical,Critical,Deploy pre-positioned auto fleet at peak hours,1.0,4,0.0,39.1,9.99,10.0,12.5,2.5,4.8,10165.866666666667,10383,9690,1.0,0.0214,0.7514,2
MIDC,3,101,87.0,63.2,71.1,54.7,25.9,79.4,Critical,E-Rickshaw,3.2,1.2,2.0,3.9,2.4,office_heavy,False,False,0.58,0.28,0.38,570,Critical,Critical,Deploy pre-positioned auto fleet at peak hours,0.982,4,0.0,44.6,9.99,10.0,12.5,2.5,4.8,9612.1,9829,9146,1.0,0.0226,0.7466,3
Gundavali,7,92,50.9,51.8,47.4,46.2,57.7,70.4,Critical,Auto Rickshaw,3.7,2.8,2.8,2.4,2.7,interchange,True,True,0.65,0.55,0.6,450,Critical,Critical,Deploy pre-positioned auto fleet at peak hours,0.978,4,0.0,48.9,9.99,10.9,14.9,4.0,4.0,22745.866666666665,23026,22078,1.0,0.0123,0.7201,4
Worli,3,58,58.0,55.8,52.2,58.4,26.8,70.7,Critical,Auto Rickshaw,3.7,2.6,2.8,3.6,2.6,office_premium,False,False,0.72,0.55,0.6,430,Critical,Critical,Deploy pre-positioned auto fleet at peak hours,1.0,4,0.0,60.4,9.99,10.0,12.5,2.5,4.8,13535.8,13739,13099,1.0,0.015,0.719,5
Marol Naka,3,88,55.5,41.4,44.7,56.5,30.0,67.4,Critical,Shared Auto,3.7,2.4,3.0,3.7,3.3,interchange,True,False,0.75,0.55,0.65,380,Critical,Critical,Deploy pre-positioned auto fleet at peak hours,1.0,4,0.0,78.5,9.99,10.0,14.0,4.0,4.3,13835.366666666667,14055,13312,1.0,0.0159,0.7161,6
Dahisar (E),7,96,45.2,48.0,30.7,56.6,46.5,67.1,Critical,BEST Bus,3.5,3.1,3.8,3.1,3.0,terminus_interchange,True,True,0.72,0.55,0.7,420,Critical,Critical,Increase trains/hr during peak windows,1.0,4,0.0,34.8,9.99,10.9,14.9,4.0,4.0,21138.466666666667,21393,20487,1.0,0.012,0.7129,7
CSMT,3,116,37.6,30.0,13.8,60.7,56.4,65.6,Critical,BEST Bus,3.9,3.3,4.5,2.5,3.8,interchange_rail,True,False,0.92,0.75,0.85,280,Critical,Critical,Deploy pre-positioned auto fleet at peak hours,1.0,4,0.0,68.0,9.99,10.0,14.0,4.0,4.3,16522.633333333335,16678,16191,1.0,0.0094,0.7091,8
Dahisar (E) 2A,2A,118,41.0,56.5,27.0,51.0,41.5,65.5,Critical,BEST Bus,3.7,3.3,3.9,3.4,2.4,terminus_interchange,True,True,0.72,0.55,0.7,420,Critical,Critical,Deploy pre-positioned auto fleet at peak hours,1.0,4,0.0,45.7,9.99,10.9,14.9,4.0,4.0,22724.666666666668,23102,21754,1.0,0.0166,0.7078,9
Dadar,3,103,28.6,38.6,12.3,62.0,57.7,65.0,Critical,Auto Rickshaw,3.9,3.9,4.6,2.6,3.3,interchange_rail,True,False,0.95,0.7,0.8,310,Critical,Critical,Deploy pre-positioned auto fleet at peak hours,1.0,4,0.0,76.5,9.99,10.0,14.0,4.0,4.3,16266.1,16491,15854,1.0,0.0138,0.7075,10
Mumbai Central,3,50,31.3,38.2,29.4,59.0,26.6,64.9,Critical,Auto Rickshaw,3.8,3.8,3.7,3.9,3.3,interchange_rail,True,False,0.8,0.72,0.78,320,Critical,Critical,Deploy pre-positioned auto fleet at peak hours,1.0,4,0.0,70.4,9.99,10.0,14.0,4.0,4.3,16177.866666666667,16382,15766,1.0,0.0126,0.707,11
Ghatkopar,1,56,34.5,41.7,23.7,63.4,35.0,67.2,Critical,BEST Bus,3.9,3.4,3.9,3.5,3.2,interchange_rail,True,True,0.95,0.75,0.85,280,Critical,Critical,Deploy pre-positioned auto fleet at peak hours,1.0,4,0.0,49.4,9.99,17.1,20.0,2.9,3.0,45393.3,46359,42735,1.0,0.0213,0.7018,12
Andheri,1,81,32.3,40.5,20.7,61.9,41.9,66.3,Critical,Auto Rickshaw,3.9,3.6,4.1,3.2,3.2,interchange_rail,True,True,0.95,0.72,0.82,290,Critical,Critical,Deploy pre-positioned auto fleet at peak hours,1.0,4,0.0,68.6,9.99,17.1,20.0,2.9,3.0,45417.8,46411,42774,1.0,0.0219,0.6987,13
Marol Naka L1,1,66,49.0,47.6,43.2,56.1,26.6,66.1,Critical,Auto Rickshaw,3.8,2.8,3.2,3.9,2.9,interchange,True,True,0.75,0.55,0.65,380,Critical,Critical,Deploy pre-positioned auto fleet at peak hours,0.971,4,0.0,55.2,9.99,17.1,20.0,2.9,3.0,40972.1,41717,39003,1.0,0.0182,0.6919,14
Churchgate,3,104,45.5,38.3,31.7,58.4,58.2,61.0,High,BEST Bus,3.7,2.9,3.6,2.5,3.3,interchange_rail,True,False,0.8,0.68,0.75,340,High,High,Auto aggregator partnership (Ola/Uber/Rapido),0.848,4,0.0,21.1,9.99,10.0,13.0,3.0,4.6,16003.333333333334,16220,15540,0.75,0.0135,0.595,15
DN Nagar,2A,97,36.0,48.4,37.8,53.5,39.1,62.6,High,Auto Rickshaw,3.6,3.6,3.4,3.4,2.9,interchange,True,True,0.75,0.62,0.68,400,High,High,Auto aggregator partnership (Ola/Uber/Rapido),0.753,4,0.0,16.8,9.99,10.9,13.9,3.0,4.3,25942.566666666666,26213,24909,0.75,0.0104,0.5798,16
D.N. Nagar,1,95,45.9,44.8,40.3,54.7,20.3,63.1,High,Auto Rickshaw,3.9,2.9,3.3,4.1,3.2,interchange,True,True,0.75,0.62,0.68,400,High,High,Auto aggregator partnership (Ola/Uber/Rapido),0.775,4,0.0,18.5,9.99,17.1,20.0,2.9,3.0,40549.1,41012,39316,0.75,0.0114,0.579,17
Nariman Point,3,63,67.0,63.3,61.1,45.8,20.2,61.0,High,E-Rickshaw,3.4,1.9,2.5,4.2,2.1,office_premium,False,False,0.55,0.45,0.48,520,High,High,Auto aggregator partnership (Ola/Uber/Rapido),0.787,4,0.0,22.6,9.99,10.0,11.5,1.5,5.2,13771.6,13999,13252,0.75,0.0165,0.5731,18
Cuffe Parade,3,71,74.2,62.1,66.8,45.1,53.9,61.0,High,E-Rickshaw,3.3,1.9,2.1,2.7,2.5,office_south,False,False,0.5,0.4,0.44,560,High,High,Auto aggregator partnership (Ola/Uber/Rapido),0.782,4,0.0,21.4,9.99,10.0,11.5,1.5,5.2,7345.766666666666,7537,6949,0.75,0.026,0.573,19
Hutatma Chowk,3,53,62.7,52.5,61.8,51.7,43.4,61.0,High,Shared Auto,3.6,2.3,2.0,3.0,2.7,office_south,False,False,0.65,0.55,0.6,450,High,High,Auto aggregator partnership (Ola/Uber/Rapido),0.758,4,0.0,18.6,9.99,10.0,11.5,1.5,5.2,7480.733333333334,7677,7061,0.75,0.0262,0.5683,20
Goregaon (W),2A,47,35.6,51.1,28.6,56.9,62.3,59.6,High,Auto Rickshaw,3.7,3.5,3.9,2.5,2.8,shopping_hub,False,True,0.8,0.65,0.72,380,High,High,Auto aggregator partnership (Ola/Uber/Rapido),0.769,4,0.0,19.3,9.99,10.9,12.4,1.5,4.8,21614.866666666665,21935,20463,0.75,0.0148,0.5635,21
Mandapeshwar,2A,97,67.3,68.7,59.3,47.6,58.7,61.4,High,E-Rickshaw,3.2,2.1,2.4,2.4,2.1,residential_mid,False,True,0.5,0.4,0.46,525,High,High,Auto aggregator partnership (Ola/Uber/Rapido),0.728,4,0.0,24.6,9.99,10.9,12.4,1.5,4.8,12370.8,12617,11793,0.75,0.0199,0.5621,22
Ovaripada,7,92,92.7,83.5,85.2,43.3,80.1,61.0,High,E-Rickshaw,2.8,1.1,1.4,1.7,1.3,remote,False,True,0.3,0.2,0.25,680,High,High,Auto aggregator partnership (Ola/Uber/Rapido),0.723,4,0.0,14.5,9.99,10.9,12.4,1.5,4.8,3648.5,3768,3443,0.75,0.0327,0.561,23
Kurar,7,104,72.0,59.7,69.1,44.5,52.4,61.4,High,Shared Auto,3.5,1.9,2.0,2.8,2.5,residential_mid,False,True,0.48,0.38,0.43,540,High,High,Covered walkway to nearest bus stop,0.709,4,0.0,15.6,9.99,10.9,12.4,1.5,4.8,11898.3,12131,11328,0.75,0.0196,0.5583,24
Dindoshi,7,95,68.4,59.5,65.9,48.3,62.6,61.6,High,Shared Auto,3.5,2.2,2.2,2.2,2.4,residential_mid,False,True,0.53,0.43,0.5,490,High,High,Auto aggregator partnership (Ola/Uber/Rapido),0.705,4,0.0,15.0,9.99,10.9,12.4,1.5,4.8,11854.933333333332,12083,11306,0.75,0.0192,0.5581,25
Goregaon (E),7,56,46.9,51.8,35.7,56.7,68.6,58.1,High,Auto Rickshaw,3.5,3.0,3.5,2.0,2.8,residential_high,False,True,0.75,0.62,0.68,400,High,High,Auto aggregator partnership (Ola/Uber/Rapido),0.75,4,0.0,18.4,9.99,10.9,12.4,1.5,4.8,18847.8,19101,18455,0.75,0.0134,0.5543,26
Anand Nagar,2A,90,67.1,62.2,59.0,45.7,45.4,57.9,High,E-Rickshaw,3.3,2.0,2.6,3.2,2.3,residential_mid,False,True,0.55,0.45,0.5,490,High,High,Covered walkway to nearest bus stop,0.745,4,0.0,23.0,9.99,10.9,12.4,1.5,4.8,12652.366666666667,12914,12157,0.75,0.0207,0.5533,27
Vidhan Bhavan,3,93,62.3,53.5,58.8,52.6,22.6,58.2,High,Shared Auto,3.5,2.2,2.6,3.9,2.8,office_south,False,False,0.6,0.5,0.55,480,High,High,Auto aggregator partnership (Ola/Uber/Rapido),0.73,4,0.0,29.8,9.99,10.0,11.5,1.5,5.2,7644.033333333334,7821,7254,0.75,0.0231,0.5526,28
Devipada,7,61,93.1,80.9,94.0,43.6,83.9,61.0,High,E-Rickshaw,3.0,1.1,1.0,1.6,1.6,remote,False,True,0.28,0.18,0.22,700,High,High,Covered walkway to nearest bus stop,0.664,4,0.0,19.1,9.99,10.9,12.4,1.5,4.8,3102.3333333333335,3219,2898,0.75,0.0376,0.5497,29
Rashtriya Udyan,7,82,93.4,89.2,91.0,41.5,69.6,61.0,High,E-Rickshaw,2.8,1.2,1.1,2.2,1.1,remote,False,True,0.25,0.15,0.2,720,High,High,Auto aggregator partnership (Ola/Uber/Rapido),0.66,4,0.0,28.0,9.99,10.9,12.4,1.5,4.8,3543.733333333333,3656,3340,0.75,0.0317,0.5483,30
Akurli,7,68,63.2,63.6,69.3,42.8,23.3,56.0,High,E-Rickshaw,3.4,2.4,2.0,4.0,2.3,residential_mid,False,True,0.5,0.4,0.45,520,High,High,Auto aggregator partnership (Ola/Uber/Rapido),0.75,4,0.0,15.0,9.99,10.9,12.4,1.5,4.8,12032.0,12357,11460,0.75,0.027,0.5483,31
Aarey JVLR,3,117,93.8,97.1,93.8,34.8,44.7,61.0,High,E-Rickshaw,2.7,1.1,1.1,3.1,1.1,remote,False,False,0.15,0.1,0.12,980,High,High,Auto aggregator partnership (Ola/Uber/Rapido),0.652,4,0.0,21.8,9.99,10.0,11.5,1.5,5.2,1762.6666666666667,1797,1695,0.75,0.0195,0.5464,32
Kalbadevi,3,104,48.0,36.3,40.1,57.2,34.4,55.9,High,Auto Rickshaw,3.7,2.9,3.2,3.5,3.6,commercial,False,False,0.82,0.62,0.7,390,High,High,Auto aggregator partnership (Ola/Uber/Rapido),0.735,4,0.0,12.0,9.99,10.0,11.5,1.5,5.2,10730.433333333332,10980,10216,0.75,0.0233,0.5455,33
Eksar,2A,46,59.5,64.1,67.1,43.5,56.0,58.7,High,Auto Rickshaw,3.3,2.6,2.0,2.7,2.3,residential_mid,False,True,0.48,0.38,0.44,540,High,High,Auto aggregator partnership (Ola/Uber/Rapido),0.689,4,0.0,28.6,9.99,10.9,12.4,1.5,4.8,12975.333333333334,13209,12488,0.75,0.018,0.5446,34
Mahalaxmi,3,82,55.0,47.3,50.3,51.1,56.5,56.8,High,Auto Rickshaw,3.5,2.6,3.0,2.6,3.0,office_mid,False,False,0.68,0.54,0.58,440,High,High,Auto aggregator partnership (Ola/Uber/Rapido),0.708,4,0.0,29.3,9.99,10.0,11.5,1.5,5.2,9428.433333333332,9616,8969,0.75,0.0199,0.5429,35
Poisar,7,113,71.4,50.3,71.3,47.8,37.4,58.4,High,Shared Auto,3.3,2.1,2.0,3.4,2.9,residential_mid,False,True,0.52,0.42,0.48,510,High,High,Auto aggregator partnership (Ola/Uber/Rapido),0.68,4,0.0,19.2,9.99,10.9,12.4,1.5,4.8,12199.133333333333,12435,11643,0.75,0.0193,0.5419,36
Oshiwara,2A,100,63.2,47.4,67.5,48.2,57.3,57.2,High,Shared Auto,3.7,2.2,1.9,2.5,3.0,residential_mid,False,True,0.62,0.52,0.57,460,High,High,Auto aggregator partnership (Ola/Uber/Rapido),0.698,4,0.0,22.7,9.99,10.9,12.4,1.5,4.8,12478.466666666667,12727,12007,0.75,0.0199,0.5414,37
Jogeshwari (E),7,62,47.4,50.1,44.1,54.0,47.2,56.5,High,Auto Rickshaw,3.8,3.0,3.1,3.0,3.0,residential_high,False,True,0.7,0.6,0.65,420,High,High,Auto aggregator partnership (Ola/Uber/Rapido),0.712,4,0.0,24.3,9.99,10.9,12.4,1.5,4.8,18385.966666666667,18634,18003,0.75,0.0135,0.5411,38
Dahanukarwadi,2A,86,68.2,58.7,56.2,48.0,45.3,57.3,High,Shared Auto,3.3,2.1,2.6,3.2,2.5,residential_mid,False,True,0.55,0.44,0.5,495,High,High,Auto aggregator partnership (Ola/Uber/Rapido),0.687,4,0.0,20.4,9.99,10.9,12.4,1.5,4.8,13471.9,13683,12965,0.75,0.0157,0.5391,39
Shimpoli,2A,115,58.3,56.8,65.8,45.7,63.1,57.8,High,Auto Rickshaw,3.5,2.5,2.1,2.4,2.6,residential_mid,False,True,0.55,0.45,0.5,490,High,High,Auto aggregator partnership (Ola/Uber/Rapido),0.675,4,0.0,11.4,9.99,10.9,12.4,1.5,4.8,12416.666666666666,12656,11896,0.75,0.0193,0.5388,40
Valnai-Meeth Chowky,2A,108,61.9,56.8,59.6,49.8,30.3,54.3,High,Shared Auto,3.3,2.4,2.6,3.7,2.6,residential_mid,False,True,0.52,0.42,0.47,515,High,High,Auto aggregator partnership (Ola/Uber/Rapido),0.736,4,0.0,20.9,9.99,10.9,12.4,1.5,4.8,12333.1,12574,11789,0.75,0.0195,0.5388,41
Malad (W),2A,96,26.1,40.4,21.5,58.9,52.4,52.4,High,Auto Rickshaw,3.6,4.0,4.2,2.7,3.1,shopping_hub,False,True,0.85,0.7,0.75,350,High,High,Auto aggregator partnership (Ola/Uber/Rapido),0.772,4,0.0,15.4,9.99,10.9,12.4,1.5,4.8,21097.966666666667,21368,20486,0.75,0.0128,0.5387,42
Jagruti Nagar,1,118,71.3,53.7,55.4,46.6,32.4,55.1,High,Shared Auto,3.4,2.0,2.6,3.8,2.8,residential_mid,False,True,0.55,0.45,0.5,510,High,High,Auto aggregator partnership (Ola/Uber/Rapido),0.742,4,0.0,14.0,9.99,17.1,18.6,1.5,3.2,21218.966666666667,21476,20650,0.75,0.0121,0.538,43
Kandivali (E),7,56,43.6,45.0,34.4,54.5,55.4,53.4,High,Auto Rickshaw,3.7,3.3,3.5,2.6,3.3,residential_high,False,True,0.78,0.65,0.72,380,High,High,Auto aggregator partnership (Ola/Uber/Rapido),0.743,4,0.0,28.1,9.99,10.9,12.4,1.5,4.8,17922.566666666666,18173,17491,0.75,0.014,0.5365,44
Dharavi,3,100,44.6,43.0,44.5,58.8,36.0,53.8,High,Auto Rickshaw,3.7,3.1,3.1,3.5,3.4,residential_high,False,False,0.9,0.6,0.65,390,High,High,Auto aggregator partnership (Ola/Uber/Rapido),0.721,4,0.0,25.5,9.99,10.0,11.5,1.5,5.2,11225.3,11595,10641,0.75,0.0329,0.5363,45
Sitaladevi,3,116,53.4,54.5,60.0,48.6,52.8,54.0,High,Auto Rickshaw,3.4,2.7,2.4,2.7,2.6,residential_mid,False,False,0.62,0.5,0.55,470,High,High,Auto aggregator partnership (Ola/Uber/Rapido),0.714,4,0.0,26.1,9.99,10.0,11.5,1.5,5.2,6932.7,7126,6523,0.75,0.0279,0.5351,46
Bangur Nagar,2A,50,63.0,51.8,55.7,47.2,46.8,54.3,High,Shared Auto,3.5,2.1,2.4,3.0,3.0,residential_mid,False,True,0.58,0.48,0.53,485,High,High,Auto aggregator partnership (Ola/Uber/Rapido),0.704,4,0.0,16.4,9.99,10.9,12.4,1.5,4.8,12032.233333333334,12314,11561,0.75,0.0234,0.5328,47
Chakala (JB Nagar),1,83,46.1,55.6,45.6,51.8,33.1,52.6,High,Auto Rickshaw,3.6,3.1,3.0,3.5,2.6,office_mid,False,True,0.68,0.55,0.62,445,High,High,Auto aggregator partnership (Ola/Uber/Rapido),0.752,4,0.0,25.8,9.99,17.1,18.6,1.5,3.2,28830.233333333334,29161,27760,0.75,0.0115,0.5312,48
Acharya Atre Chowk,3,106,62.9,54.1,48.0,47.5,43.1,52.8,High,Shared Auto,3.6,2.3,2.9,3.1,2.8,residential_mid,False,False,0.65,0.52,0.55,460,High,High,Auto aggregator partnership (Ola/Uber/Rapido),0.704,4,0.0,21.5,9.99,10.0,11.5,1.5,5.2,7317.7,7500,6923,0.75,0.0249,0.5286,49
Magathane,7,58,63.7,56.5,48.6,47.6,51.5,54.7,High,Shared Auto,3.3,2.2,3.1,2.9,2.5,residential_mid,False,True,0.55,0.45,0.5,480,High,High,Auto aggregator partnership (Ola/Uber/Rapido),0.672,4,0.0,22.8,9.99,10.9,12.4,1.5,4.8,11971.066666666668,12199,11422,0.75,0.019,0.5273,50
Kandarpada,2A,117,62.7,58.1,50.0,41.9,37.1,52.3,High,Shared Auto,3.6,2.3,3.1,3.3,2.5,residential_mid,False,True,0.52,0.42,0.48,510,High,High,Auto aggregator partnership (Ola/Uber/Rapido),0.702,4,0.0,26.4,9.99,10.9,12.4,1.5,4.8,12434.566666666668,12677,11980,0.75,0.0195,0.525,51
Lower Malad,2A,113,61.2,61.4,50.2,46.0,25.4,52.0,High,E-Rickshaw,3.7,2.3,2.9,4.0,2.3,residential_mid,False,True,0.6,0.5,0.55,470,High,High,Auto aggregator partnership (Ola/Uber/Rapido),0.66,4,0.0,28.9,9.99,10.9,12.4,1.5,4.8,13089.6,13322,12550,0.75,0.0178,0.5154,52
WEH,1,77,39.9,56.3,45.6,46.6,40.0,50.9,Medium,Auto Rickshaw,3.6,3.5,3.0,3.2,2.4,office_mid,False,True,0.7,0.58,0.64,430,Medium,Medium,Auto stand regularization + price board,0.595,3,2.1,7.4,5.95,17.1,17.6,0.5,3.4,27873.533333333333,28190,26819,0.45,0.0114,0.4136,53
Siddhivinayak,3,111,45.9,46.2,49.5,55.0,37.5,51.3,Medium,Auto Rickshaw,3.6,3.1,2.8,3.5,3.1,religious_tourist,False,False,0.7,0.65,0.6,400,Medium,Medium,Digital wayfinding + multilingual signage,0.544,3,1.2,5.0,5.44,10.0,10.5,0.5,5.7,8903.366666666667,9087,8453,0.45,0.0206,0.4077,54
Asalpha,1,74,63.6,55.4,53.8,44.1,19.6,51.0,Medium,Shared Auto,3.6,2.4,2.6,4.2,2.6,residential_mid,False,True,0.58,0.48,0.53,490,Medium,Medium,Auto stand regularization + price board,0.538,3,3.8,6.9,5.38,17.1,17.6,0.5,3.4,21113.966666666667,21372,20538,0.45,0.0122,0.4027,55
Girgaon,3,106,52.9,54.8,46.5,49.3,26.2,48.2,Medium,Auto Rickshaw,3.7,2.7,3.1,3.8,2.7,residential_mid,False,False,0.68,0.58,0.62,440,Medium,Medium,Auto stand regularization + price board,0.566,3,4.5,8.8,5.66,10.0,10.5,0.5,5.7,6881.9,7083,6457,0.45,0.0292,0.4021,56
Saki Naka,1,115,53.1,55.2,51.2,50.0,40.7,51.1,Medium,Auto Rickshaw,3.5,2.9,2.7,3.3,2.5,residential_mid,False,True,0.62,0.52,0.57,460,Medium,Medium,Auto stand regularization + price board,0.527,3,1.3,7.2,5.27,17.1,17.6,0.5,3.4,21086.333333333332,21360,20460,0.45,0.013,0.4009,57
Lower Oshiwara,2A,83,56.8,51.3,57.0,49.1,27.2,50.7,Medium,Auto Rickshaw,3.3,2.7,2.5,3.9,2.7,residential_mid,False,True,0.58,0.48,0.53,485,Medium,Medium,Shelter + seating at pickup/drop zone,0.517,3,4.6,6.9,5.17,10.9,11.4,0.5,5.3,12543.3,12853,12132,0.45,0.0247,0.4002,58
Azad Nagar,1,111,64.7,60.8,46.0,43.8,18.6,50.8,Medium,E-Rickshaw,3.7,2.2,3.1,4.2,2.3,residential_mid,False,True,0.6,0.5,0.55,470,Medium,Medium,Auto stand regularization + price board,0.513,3,1.3,5.5,5.13,17.1,17.6,0.5,3.4,21011.266666666666,21254,20461,0.45,0.0116,0.3969,59
Santacruz,3,90,34.5,43.4,35.5,53.9,29.3,47.5,Medium,Auto Rickshaw,3.7,3.6,3.5,3.7,3.3,residential_high,False,False,0.78,0.65,0.7,360,Medium,Medium,Digital wayfinding + multilingual signage,0.551,3,2.9,9.9,5.51,10.0,10.5,0.5,5.7,10432.333333333334,10768,9923,0.45,0.0322,0.3969,60
Versova,1,49,47.3,49.6,57.7,55.1,45.5,51.1,Medium,Auto Rickshaw,3.5,3.2,2.8,3.1,3.1,residential_mid,False,True,0.65,0.55,0.6,450,Medium,Medium,Auto stand regularization + price board,0.497,3,3.3,6.5,4.97,17.1,17.6,0.5,3.4,20879.666666666668,21113,20387,0.45,0.0112,0.3947,61
Kandivali (W),2A,95,31.1,47.0,31.4,48.9,31.3,45.9,Medium,Auto Rickshaw,3.9,3.7,3.6,3.6,2.8,residential_high,False,True,0.8,0.68,0.74,360,Medium,Medium,Auto stand regularization + price board,0.567,3,2.1,8.9,5.67,10.9,11.4,0.5,5.3,17985.366666666665,18207,17604,0.45,0.0123,0.3922,62
CSMIA T1,3,94,20.7,44.6,59.4,22.1,47.7,43.2,Medium,Auto Rickshaw,3.9,4.1,2.3,2.9,3.0,airport,False,False,0.2,0.8,0.5,300,Medium,Medium,Auto stand regularization + price board,0.584,3,2.6,9.0,5.84,10.0,10.5,0.5,5.7,6513.066666666667,6719,6108,0.45,0.0316,0.3884,63
Borivali (E),7,95,34.6,36.9,28.5,58.0,15.2,43.8,Medium,Auto Rickshaw,3.8,3.6,3.7,4.4,3.5,residential_high,False,True,0.8,0.7,0.75,350,Medium,Medium,Auto stand regularization + price board,0.576,3,3.1,6.0,5.76,10.9,11.4,0.5,5.3,18787.0,19049,18389,0.45,0.0139,0.3868,64
Grant Road,3,83,47.6,52.5,41.2,47.9,22.3,44.4,Medium,Auto Rickshaw,3.7,2.9,3.2,4.1,2.8,residential_mid,False,False,0.7,0.6,0.65,420,Medium,Medium,Auto stand regularization + price board,0.531,3,3.4,3.9,5.31,10.0,10.5,0.5,5.7,7430.6,7607,7037,0.45,0.0237,0.3812,65
Borivali (W),2A,55,29.6,30.9,26.8,59.1,45.0,44.5,Medium,Auto Rickshaw,3.8,3.7,3.8,3.0,3.7,residential_high,False,True,0.82,0.72,0.78,340,Medium,Medium,Auto stand regularization + price board,0.524,3,2.8,8.4,5.24,10.9,11.4,0.5,5.3,19198.133333333335,19431,18775,0.45,0.0121,0.3786,66
Sahar Road,3,98,25.6,38.3,56.7,18.9,32.9,40.3,Medium,Auto Rickshaw,4.0,4.1,2.6,3.7,3.3,airport,False,False,0.18,0.75,0.45,320,Medium,Medium,Auto stand regularization + price board,0.561,3,4.1,6.1,5.61,10.0,10.5,0.5,5.7,6760.733333333334,6954,6360,0.45,0.0286,0.3734,67
Airport Road,1,79,27.7,40.7,58.9,33.2,25.1,40.5,Medium,Auto Rickshaw,4.0,4.0,2.5,3.9,3.5,airport_adj,False,True,0.45,0.7,0.5,380,Medium,Medium,Auto stand regularization + price board,0.56,3,2.6,7.9,5.6,17.1,17.6,0.5,3.4,15261.2,15488,14734,0.45,0.0149,0.3706,68
CSMIA T2,3,59,19.1,30.5,66.1,16.7,24.9,37.3,Low,Auto Rickshaw,4.2,4.3,2.2,4.0,3.8,airport,False,False,0.2,0.8,0.5,300,Medium,Medium,Monitor — no immediate intervention needed,0.194,2,0.0,3.8,9.99,10.0,10.0,0.0,6.0,6582.7,6787,6181,0.15,0.031,0.21,69
