station_name,line,last_mile_mode,auto_availability,bus_frequency,safety_rating,walkability,crowding_rate,n,confidence,basis
"Rithala","1","E-Rickshaw",3.8,3.2,3.4,3.0,0.45,95,"M","Terminus with large Rohini catchment; e-rickshaw feeder assumed"
"Rohini West","1","E-Rickshaw",3.9,3.3,3.5,3.2,0.45,85,"L","Residential Rohini; older reports list feeder buses here"
"Rohini East","1","E-Rickshaw",3.8,3.0,3.5,3.2,0.40,80,"L","No station-specific facts; Rohini residential assumption"
"Pitampura","1","E-Rickshaw",3.8,3.4,3.5,3.3,0.45,85,"L","Dense residential-commercial; older feeder-bus listing"
"Netaji Subhash Place","1","E-Rickshaw",3.7,3.6,3.4,3.2,0.70,100,"M","Office hub and interchange; office-hour shuttle demand"
"Inderlok","1","E-Rickshaw",3.3,3.0,3.0,2.4,0.70,95,"M","Dense old-city lanes; Red-Green interchange"
"Kashmere Gate","1","BEST Bus",3.6,4.4,2.9,2.6,0.95,115,"M","ISBT bus hub; busiest station; city bus used as mode label"
"Tis Hazari","1","E-Rickshaw",3.7,3.8,3.5,3.4,0.50,80,"L","Court complex; court-hour peaks"
"Shastri Park","1","E-Rickshaw",3.3,2.5,3.0,2.6,0.55,80,"L","Older report says feeder buses scarce after 9 pm"
"Seelampur","1","E-Rickshaw",3.4,2.8,2.7,2.2,0.70,90,"L","Very dense mixed-use area; congested approach roads"
"Welcome","1","E-Rickshaw",3.4,3.0,2.8,2.4,0.75,95,"M","Red-Pink interchange with level change; dense area"
"Shahdara","1","E-Rickshaw",3.5,3.3,2.9,2.6,0.70,90,"L","Dense East Delhi; rail station nearby"
"Dilshad Garden","1","E-Rickshaw",3.5,3.2,3.0,2.7,0.60,90,"M","Frequency halves toward Shaheed Sthal; residents rely on e-rickshaws"
"Shaheed Sthal (New Bus Adda)","1","E-Rickshaw",3.6,3.8,2.9,2.5,0.50,85,"M","Ghaziabad terminus with bus stand"
"Samaypur Badli","2","E-Rickshaw",3.4,3.0,3.0,2.7,0.55,85,"L","Northern terminus; industrial and residential catchment"
"Azadpur","2","E-Rickshaw",3.3,4.0,2.8,2.3,0.75,100,"M","Wholesale market and bus terminal; congested surroundings"
"Model Town","2","E-Rickshaw",3.8,3.3,3.8,3.5,0.45,80,"L","Residential colony near North Campus"
"Vishwavidyalaya","2","E-Rickshaw",4.2,3.6,3.7,3.4,0.70,95,"M","University campus; rickshaw-heavy; frisking queues reported"
"Civil Lines","2","Auto Rickshaw",3.8,3.3,4.0,3.4,0.40,70,"L","Low-density institutional area"
"Kashmere Gate 2","2","BEST Bus",3.6,4.4,2.9,2.6,0.95,110,"M","Same physical station as the Red Line row"
"Chandni Chowk","2","E-Rickshaw",3.6,3.0,3.2,2.3,0.90,100,"M","Old Delhi bazaars; cycle rickshaw mapped to e-rickshaw"
"New Delhi","2","Auto Rickshaw",3.5,3.8,3.1,2.8,0.95,115,"M","Railway station interchange; luggage-heavy flows"
"Rajiv Chowk","2","BEST Bus",3.4,4.3,3.8,3.8,0.98,115,"M","CBD interchange; heavy walking; city bus used as mode label"
"Patel Chowk","2","Auto Rickshaw",3.5,3.8,3.9,3.6,0.60,80,"L","Government offices; security closures"
"Central Secretariat","2","App Cab",3.4,3.5,4.0,3.5,0.85,95,"M","Government campus; security checks; interchange"
"INA","2","Auto Rickshaw",3.9,3.7,3.8,3.4,0.75,95,"L","Market and offices; interchange"
"AIIMS","2","Auto Rickshaw",3.7,3.9,3.8,3.5,0.70,95,"M","Hospital catchment; patients with mobility needs"
"Hauz Khas","2","Auto Rickshaw",3.9,3.6,3.8,3.4,0.70,95,"M","Deep station; students and nightlife"
"Malviya Nagar","2","Auto Rickshaw",3.9,3.3,3.8,3.3,0.45,80,"L","Residential and market area"
"Saket","2","App Cab",3.8,3.4,4.0,3.6,0.50,90,"L","Malls and hospitals; cab drop-offs"
"Qutab Minar","2","Auto Rickshaw",3.4,2.8,3.6,2.6,0.25,70,"L","Tourist site about 2 km away; low crowding"
"Sikanderpur","2","App Cab",3.4,3.0,3.6,2.6,0.85,100,"M","Corporate district; rapid metro transfer"
"Millennium City Centre","2","Shared Auto",3.6,3.4,3.5,2.7,0.80,95,"M","Gurugram terminus; large transfer volume"
"Dwarka Sector 21","3","App Cab",3.4,3.5,3.8,2.8,0.45,80,"L","Airport Express interchange; airport and office traffic"
"Dwarka","3","E-Rickshaw",3.7,3.3,3.6,3.2,0.55,85,"M","Dwarka residential sectors; feeder history"
"Janakpuri West","3","E-Rickshaw",3.8,3.6,3.7,3.5,0.65,90,"M","Interchange with Magenta; district centre"
"Rajouri Garden","3","E-Rickshaw",3.6,3.8,3.4,2.9,0.85,100,"M","Large market; Pink interchange"
"Kirti Nagar","3","E-Rickshaw",3.5,3.6,3.3,2.9,0.70,90,"M","Furniture market; older feeder-bus listing"
"Karol Bagh","3","E-Rickshaw",3.6,3.7,3.3,2.7,0.85,100,"M","Dense market streets"
"Rajiv Chowk 3","3","BEST Bus",3.4,4.3,3.8,3.8,0.98,115,"M","Same physical station as the Yellow Line row"
"Mandi House","3","Auto Rickshaw",3.6,4.0,3.7,3.4,0.70,85,"L","Cultural institutions; protest-prone area"
"Yamuna Bank","3","E-Rickshaw",3.2,3.2,3.0,2.4,0.60,80,"L","Branch junction near the river"
"Akshardham","3","Auto Rickshaw",3.3,3.3,3.5,2.8,0.50,80,"L","Temple visitors; weekend peaks"
"Mayur Vihar-I","3","E-Rickshaw",3.7,3.7,3.5,3.2,0.55,85,"L","Residential colony; Pink link unverified"
"Botanical Garden","3","Auto Rickshaw",3.6,3.2,3.6,2.9,0.70,90,"L","Magenta interchange; mall and office traffic"
"Noida City Centre","3","Auto Rickshaw",3.7,3.3,3.7,3.0,0.55,85,"L","Noida district centre"
"Noida Electronic City","3","Shared Auto",3.5,3.0,3.5,2.8,0.60,85,"L","IT hub terminus; office-hour peaks"
"Karkarduma","4","E-Rickshaw",3.6,3.4,3.3,3.0,0.55,85,"L","Courts complex; branch line"
"Anand Vihar","4","BEST Bus",3.4,4.2,3.0,2.5,0.95,110,"M","ISBT and rail terminal; luggage-heavy flows"
"Vaishali","4","E-Rickshaw",3.5,3.3,3.3,2.9,0.60,85,"L","Ghaziabad terminus of the branch"
